name,valid_alphas,seq,head,resolution,deposition_date,release_date,structure_method,seqres,seqlen
7oj1.A.pdb,401,WESKFSKEGLTFDDVLLVPAKSEVLPRDVDLSVELTKTLKLNIPVISAGMDTVTESAMAIAMARQGGLGIIHKNMSIEQQAEQVDKVKRSERGITNPFFLTPDHQVFDAEHLMGKRISGVPIEEDLVGIITNRDLRFISMKISDVMTKEELVTASVGTTLDEAEKILQKHKIEKLPLVGLITIKDIEKVIEFPNSSKDIHGRLIVGAAVGVTGDTMTRVKKLVEANVDVIVIDTAHGHSQGVLNTVTKIRETYPELNIIAGNVATAEATRALIEAGADVVKVGIGPICTTRVVAGVGVPQITAIYDCATEARKHGKTIIADGGIKFSGDITKALAAGGHAVMLGSLLAGTSESPGETPYKGPVEETVYQLVGGLRSGMGYCGSKDLRALREEAQFIRMTGA,signaling protein,2.44,2021-05-13,2022-09-14,x-ray diffraction,WESKFSKEGLTFDDVLLVPAKSEVLPRDVDLSVELTKTLKLNIPVISAGMDTVTESAMAIAMARQGGLGIIHKNMSIEQQAEQVDKVKRSERGITNPFFLTPDHQVFDAEHLMGKRISGVPIEEDLVGIITNRDLRFISMKISDVMTKEELVTASVGTTLDEAEKILQKHKIEKLPLVGLITIKDIEKVIEFPNSSKDIHGRLIVGAAVGVTGDTMTRVKKLVEANVDVIVIDTAHGHSQGVLNTVTKIRETYPELNIIAGNVATAEATRALIEAGADVVKVGIGPICTTRVVAGVGVPQITAIYDCATEARKHGKTIIADGGIKFSGDITKALAAGGHAVMLGSLLAGTSESPGETPYKGPVEETVYQLVGGLRSGMGYCGSKDLRALREEAQFIRMTGA,401
7oj2.A.pdb,353,WESKFSKEGLTFDDVLLVPAKSEVLPRDVDLSVELTKTLKLNIPVISAGMDTVTESAMAIAMARQGGLGIIHKNMSIEQQAEQVDKVKRSEFPNSSKDIHGRLIVGAAVGVTGDTMTRVKKLVEANVDVIVIDTAHGHSQGVLNTVTKIRETYPELNIIAGNVATAEATRALIEAGADVVKVGIGPGSICTTRVVAGVGVPQITAIYDCATEARKHGKTIIADGGIKFSGDITKALAAGGHAVMLGSLLAGTSESPGETEIYQGRRFKVYRGMGSVAAMEFVPEGIEGRTPYKGPVEETVYQLVGGLRSGMGYCGSKDLRALREEAQFIRMTGAGLRESHPHDVQITKESPNY,signaling protein,1.76,2021-05-13,2022-09-14,x-ray diffraction,MGHHHHHHWESKFSKEGLTFDDVLLVPAKSEVLPRDVDLSVELTKTLKLNIPVISAGMDTVTESAMAIAMARQGGLGIIHKNMSIEQQAEQVDKVKRSERGSGSEFPNSSKDIHGRLIVGAAVGVTGDTMTRVKKLVEANVDVIVIDTAHGHSQGVLNTVTKIRETYPELNIIAGNVATAEATRALIEAGADVVKVGIGPGSICTTRVVAGVGVPQITAIYDCATEARKHGKTIIADGGIKFSGDITKALAAGGHAVMLGSLLAGTSESPGETEIYQGRRFKVYRGMGSVAAMEKGSKDRYFQEENKKFVPEGIEGRTPYKGPVEETVYQLVGGLRSGMGYCGSKDLRALREEAQFIRMTGAGLRESHPHDVQITKESPNYTIS,384
7t5w.B.pdb,41,NADDLREPEERHLDDAFFRGYKNLEPEAKAQLRKILDTFKK,dna binding protein,1.75,2021-12-13,2022-09-14,x-ray diffraction,SNADDLREPEERHLDDAFFRGYKNLEPEAKAQLRKILDTFKKDF,44
7tif.A.pdb,466,MSDRFVIWAPSMHNEPDQLFALDSWAHRYMNKMDVVKIENCTIGSFVEHMDVATYDRMCNMGFRRSGKFLYKVDPLRNCCRLYTIRTAPQELNMTKELKKCISRFATRITSEDYCPAAVASSDFVGKIVNAEMNSKTFYTRFEPALYSEEKYHLFVKYQEKVHQDYNNSPKSFKRFLCDTPFGPEAVLGTQESWEQLNNWQRMKPGEKLKHMGPVHECYYYEGKLIAITVSDILPSGISSVYFIWDPDYSKWSLGKLSALRDLAIIQRTNLQYYYLGYYYGAEVLDVCHSKYIPLKPIQDMISRGKLFVIGEEETKVTKELYLVDSETGRGEGFPTDNVVKYKNIAEEIYGVGGCAFKSANESALELKELYGIPYEEEDLDTIYHNGIPNVVPGLLPLWELLDIMQSGKITDLEGRLFLFEIETEGIRPLINFYSEPPNVKKRICDVIRLFGFETCMKAVILYSEQ,transferase,2.85,2022-01-13,2022-09-14,x-ray diffraction,MSDRFVIWAPSMHNEPAAKCGYCHGNKGGNMDQLFALDSWAHRYMNKMDVVKIENCTIGSFVEHMDVATYDRMCNMGFRRSGKFLYKVDPLRNCCRLYTIRTAPQELNMTKELKKCISRFATRITSEDYCPAAVASSDFVGKIVNAEMNSKTFYTRFEPALYSEEKYHLFVKYQEKVHQDYNNSPKSFKRFLCDTPFGPEAVLGTQESWEQLNNWQRMKPGEKLKHMGPVHECYYYEGKLIAITVSDILPSGISSVYFIWDPDYSKWSLGKLSALRDLAIIQRTNLQYYYLGYYIEDCPKMNYKANYGAEVLDVCHSKYIPLKPIQDMISRGKLFVIGEEETKVTKELYLVDSETGRGEGFPTDNVVKYKNIAEEIYGVGGCAFKSANESALELKELYGIPYEEEDLDTIYHLKEHNGHAPNGIPNVVPGLLPLWELLDIMQSGKITDLEGRLFLFEIETEGIRPLINFYSEPPNVKKRICDVIRLFGFETCMKAVILYSEQMENLYFQSLEHHHHHH,518
7upm.A.pdb,258,SHCVSCIGKYLLLEPLEGDHVFRAVHLHSGEELVCKVFDISCYQESLAPCFCLSAHSNINQITEIILGETKAYVFFERSYGDMHSFVRTCKKLREEEAARLFYQIASAVAHCHDGGLVLRDLKLRKFIFKDEERTRVKLESLEDAYILRGDDDSLSDKHGCPAYVSPEILNTSGSYSGKAADVWSLGVMLYTMLVGRYPFHDIEPSSLFSKIRRGQFNIPETLSPKAKCLIRSILRREPSERLTSQEILDHPWFSTDF,signaling protein/immune system,2.7,2022-04-15,2022-09-14,x-ray diffraction,GPGNLSHCVSCIGKYLLLEPLEGDHVFRAVHLHSGEELVCKVFDISCYQESLAPCFCLSAHSNINQITEIILGETKAYVFFERSYGDMHSFVRTCKKLREEEAARLFYQIASAVAHCHDGGLVLRDLKLRKFIFKDEERTRVKLESLEDAYILRGDDDSLSDKHGCPAYVSPEILNTSGSYSGKAADVWSLGVMLYTMLVGRYPFHDIEPSSLFSKIRRGQFNIPETLSPKAKCLIRSILRREPSERLTSQEILDHPWFSTDFS,264
7vd7.B.pdb,44,LSAQHEAELKALAKKSDDEIDYSDIPASEDGQWSEAVRGKFFRP,toxin/antitoxin,1.43,2021-09-06,2022-09-14,x-ray diffraction,LSAQHEAELKALAKKSDDEIDYSDIPASEDGQWSEAVRGKFFRP,44
7vfc.A.pdb,228,HGFVSGIVADGSYYGGYNTDEYPYMSNPPNVIAWSTTATNCGFTNGTGYQSPDIICHSNASNGSNTAVVAAGSSIQFQWTVWPASHHGPLITYLAPCGGNCATVDKTTLDFTKIAAVGLVNGVSPPGVWADDSMIADNNTAVVVIPASYAPGNYVLRHEIIALHVAGNNNGAQNYPQCFNIQITGGGSAQGSGVAGTSLYKNTDPGIKFNIYSDLSGGYPIPGPALFA,oxidoreductase,1.21,2021-09-12,2022-09-14,x-ray diffraction,HGFVSGIVADGSYYGGYNTDEYPYMSNPPNVIAWSTTATNCGFTNGTGYQSPDIICHSNASNGSNTAVVAAGSSIQFQWTVWPASHHGPLITYLAPCGGNCATVDKTTLDFTKIAAVGLVNGVSPPGVWADDSMIADNNTAVVVIPASYAPGNYVLRHEIIALHVAGNNNGAQNYPQCFNIQITGGGSAQGSGVAGTSLYKNTDPGIKFNIYSDLSGGYPIPGPALFA,228
7vfq.C.pdb,397,VVNITYMHRLPDSKGMTLVNDIVAKWNKEHPNIQVKATKFDGNASEMIKKLETDVKAGNAPDLAQVGYAEVPEVFTKGLLQDVTDEAAKYKDDFASAPFALMQVDGKTYGLPQDTGPLAYFYNAAEFEKLGITVPKTADELIETAKKTAAQGKYIMTFQPDEAMMMMSGQAGASGPWYKVDGNSWVVNTQTKGSKAVADVYQQLIDNKAALTNPRWDASFDNSIQSGQLIGTVAAAWEAPLFIDSAGGTGAGEWKVTQLGDWFGNGTKTGSDGGSGVAVLKGSKHPAEAMEFLDWFNTQVDDLVSQGLVVAATTADAKTPQKWSDYFSGQDVMAEFKTANDNMGDFTYMPGFSAVGAAMKQTAAKAADGSAKVSDVFDTAQKTSVDTLKNLGLSVKE,translocase,1.55,2021-09-13,2022-09-14,x-ray diffraction,MDTAGDTKSGSDGGVVNITYMHRLPDSKGMTLVNDIVAKWNKEHPNIQVKATKFDGNASEMIKKLETDVKAGNAPDLAQVGYAEVPEVFTKGLLQDVTDEAAKYKDDFASAPFALMQVDGKTYGLPQDTGPLAYFYNAAEFEKLGITVPKTADELIETAKKTAAQGKYIMTFQPDEAMMMMSGQAGASGPWYKVDGNSWVVNTQTKGSKAVADVYQQLIDNKAALTNPRWDASFDNSIQSGQLIGTVAAAWEAPLFIDSAGGTGAGEWKVTQLGDWFGNGTKTGSDGGSGVAVLKGSKHPAEAMEFLDWFNTQVDDLVSQGLVVAATTADAKTPQKWSDYFSGQDVMAEFKTANDNMGDFTYMPGFSAVGAAMKQTAAKAADGSAKVSDVFDTAQKTSVDTLKNLGLSVKE,411
7wfx.A.pdb,493,EVAAMDFTDKLIISRPLYISDNADPKCGYCNGKKDSSHKFASPGWSDFYKGDEDKVELQSSTVGFNSELVNAETYDKLCNLGFRRSGSFMYKTDMLRNCCRLYTIRTNEKYLTMSKELKTSLKRFKKKITSPEFKPQPKYVSWIDELCDYEPKSTSFKAVFEPAEFTDEKYDLYVRYQHYIHSDEDNTPSQFESFLCDTPFTDSEITGTEKEWEQLNNWHNLQPGERVTKNGPAHECYYHNGKLIALSVLDFLPSGVSSVYFIWDPDYYDWSLGKVSALRELALVSKIGRPYYYLGYYIDDCPKMNYKAKFGGEILDVCNQKYVPLSKIHQIIKHNELFVGLNSTVASPDSEILITSDKINFDEPFINAVDDIYGPNGNASQNAITSVAKLRKYGINYSPDLQRSIYKEIPNKDVYRIPNVVPGLVPLMEIVSLFESGKMNELNNNVVLFDTKINALRIVRDFISEKPEIKTVITDVIRLIGLDNTKKAIIII,transferase,1.95,2021-12-27,2022-09-14,x-ray diffraction,EVAAMDFTDKLIISRPLYISDNADPKCGYCNGKKDSSHKFASPGWSDFYKGDEDKVELQSSTVGFNSELVNAETYDKLCNLGFRRSGSFMYKTDMLRNCCRLYTIRTNEKYLTMSKELKTSLKRFKKKITSPEFKPQPKYVSWIDELCDYEPKSTSFKAVFEPAEFTDEKYDLYVRYQHYIHSDEDNTPSQFESFLCDTPFTDSEITGTEKEWEQLNNWHNLQPGERVTKNGPAHECYYHNGKLIALSVLDFLPSGVSSVYFIWDPDYYDWSLGKVSALRELALVSKIGRPYYYLGYYIDDCPKMNYKAKFGGEILDVCNQKYVPLSKIHQIIKHNELFVGLNSTVASPDSEILITSASDKINFDEPFINAVDDIYGPNGNASQNAITSVAKLRKYGINYSPDLQRSIYKEIPNDGNSTSSASSDKKDVYRIPNVVPGLVPLMEIVSLFESGKMNELNNNVVLFDTKINALRIVRDFISEKPEIKTVITDVIRLIGLDNTKKAIIII,507
7x0g.A.pdb,288,KGYVGDPSDEYYMVTFLSGIDYWKYCFEGFEDAAKAIGVTAKYTGQTDTDVSGQVAVLEQVIAQKPKGIAVTAVNSTALADTINSAIEQGISVVCFDSDSPTSNRSAYLGTGNYAAGQKAAEFLVPLVNYKGKIAVLYTVGAENSESRVQGFEDWCKQNAPEVSLVKVNDAGDTTVAADNLAAALQANDDIVGVFCVDGVAGTAGPTAVAESKKDLRVLAFDVDVTVLDKVKSGEIDGTVAQGMYNMGYWSLMMLYTEANGLSSKALPGNLDTGVVIVTKDNVDEYYP,sugar binding protein,2.1,2022-02-22,2022-09-14,x-ray diffraction,SAKGYVGDPSDEYYMVTFLSGIDYWKYCFEGFEDAAKAIGVTAKYTGQTDTDVSGQVAVLEQVIAQKPKGIAVTAVNSTALADTINSAIEQGISVVCFDSDSPTSNRSAYLGTGNYAAGQKAAEFLVPLVNYKGKIAVLYTVGAENSESRVQGFEDWCKQNAPEVSLVKVNDAGDTTVAADNLAAALQANDDIVGVFCVDGVAGTAGPTAVAESKKDLRVLAFDVDVTVLDKVKSGEIDGTVAQGMYNMGYWSLMMLYTEANGLSSKALPGNLDTGVVIVTKDNVDEYYPKK,292
7x0q.A.pdb,362,SVKLKGVYKRYPGGVTAVNDFNLDIEDKEFIILVGPSGCGKTTTLRMVAGLEEITEGELYIGDKLVNDVAPKDRDIAMVFQNYALYPHMSVFDNMAFGLKLRKVPKDEIKRRVLEAAKILDIEHLLERKPKALSGGQRQRVALGRAIVRNPKVFLMDEPLSNLDAKLRVQMRTEISKLHQRLQTTFIYVTHDQTEALTMGTRIVVMKDGYIQQVDTPTNLYERPCNMFVAGFIGSPQMNFVNARIEKRGDEMHLLFGKQDIKLPEGKSSEYVGREVVMGIRPENIRDEEIYLESMSENVVEGRVEVVEMLGSETLIYMVIDDFEFTARVNPRSKARPGDVIKVAFDANKIHLFDKETEKTIM,sugar binding protein,2.9,2022-02-22,2022-09-14,x-ray diffraction,MASVKLKGVYKRYPGGVTAVNDFNLDIEDKEFIILVGPSGCGKTTTLRMVAGLEEITEGELYIGDKLVNDVAPKDRDIAMVFQNYALYPHMSVFDNMAFGLKLRKVPKDEIKRRVLEAAKILDIEHLLERKPKALSGGQRQRVALGRAIVRNPKVFLMDEPLSNLDAKLRVQMRTEISKLHQRLQTTFIYVTHDQTEALTMGTRIVVMKDGYIQQVDTPTNLYERPCNMFVAGFIGSPQMNFVNARIEKRGDEMHLLFGKQDIKLPEGKAKKLESSEYVGREVVMGIRPENIRDEEIYLESMSENVVEGRVEVVEMLGSETLIYMVIDDFEFTARVNPRSKARPGDVIKVAFDANKIHLFDKETEKTIMN,370
7x0r.B.pdb,313,GKKIKIGMVTDVGGVNDGSFNQSAWEGLQRAQKELGVEVRYAESATDADYAPNIEAFIDEGYDLIICVGYMLADATRKAAEANPNQKFAIIDDASIDLPNVTCLMFEQSQASYLVGLVAGKMTKTNKVGFVVGMVSQTMNEFGYGYLAGVKDANPNATILQFNANSFSSTETGKSAATTMITNGADVIFHAAGGTGLGVIEGCKDAGKWAIGVDSDQSPLAPENILTSAMKRVDNACFDIAKAVKEGNVKPGIITYDLKSAGVDIAPTTTNLPKEVLDYVNQAKQDIINGKITVPKTKAEFEAKYGNIYELDD,sugar binding protein,1.47,2022-02-22,2022-09-14,x-ray diffraction,SKNSGNNSNNSSNNNSSNNTGGKKIKIGMVTDVGGVNDGSFNQSAWEGLQRAQKELGVEVRYAESATDADYAPNIEAFIDEGYDLIICVGYMLADATRKAAEANPNQKFAIIDDASIDLPNVTCLMFEQSQASYLVGLVAGKMTKTNKVGFVVGMVSQTMNEFGYGYLAGVKDANPNATILQFNANSFSSTETGKSAATTMITNGADVIFHAAGGTGLGVIEGCKDAGKWAIGVDSDQSPLAPENILTSAMKRVDNACFDIAKAVKEGNVKPGIITYDLKSAGVDIAPTTTNLPKEVLDYVNQAKQDIINGKITVPKTKAEFEAKYGNIYELDD,334
7x15.A.pdb,251,AGSLKPAALYEEALSLVKDGDVACRSLRTELLECYSDQDFLAKLHCVRQAFQVLLLDETHRFFETGKQISGLLVKANKSPKAFLESYEDLQYTQREETWPVSKELEGRGVVCNFFDIVLDFILDAFEDLESPPSSVVAVLRNRWLSDSFKETALATACWSVLKAKRRLLVPDGFIAHFYVISEHVSPVLAFGFLGPHQHLSEVCTIFKQQIVQYLKDFDHDKVRFTSVPSLAEDILRLSHRRADILGYLGI,lipid transport,2.85,2022-02-23,2022-09-14,x-ray diffraction,AGSLKPAALYEEALSLVKDGDVACRSLRTELLECYSDQDFLAKLHCVRQAFQVLLLDETHRMFFMETGKQMISGLLVKANKSPKAFLESYEDMLQYTQREETWPVSKMELEGRGVVCMNFFDIVLDFILMDAFEDLESPPSSVVAVLRNRWLSDSFKETALATACWSVLKAKRRLLMVPDGFIAHFYVISEHVSPVLAFGFLGPHQHLSEVCTIFKQQIVQYLKDMFDHDKVRFTSVPSLAEDILRLSHRRADILMGYLGIE,262
7pk5.A.pdb,253,IVTPEAISLALENHEFKPWIQPVFCAQTGVLTGCEVLVRWEHPQTGIIPPDQFIPLAESSGLIVIMTRQLMKQTADILMPVKHLLPDNFHIGINVSAGCFLAAGFEKECLNLVNKLGNDKIKLVLELTERNPIPVTPEARAIFDSLHQHNITFALDDFGTGYATYRYLQAFPVDFIKIDKSFVQMASVDEISGHIVDNIVELARKPGLSIVAEGVETQEQADLMIGKGVHFLQGYLYSPPVPGNKFISEWVMK,hydrolase,4.4,2021-08-25,2022-09-07,x-ray diffraction,MANSCDFRVFLQEFGTTVHLSLPGSVSEKERLLLKLLMQGMSVTEISQYRNRSAKTISHQKKQLFEKLGIQSDITFWRDIFFQYNPEIISATGSNSHRYINDNHYHHIVTPEAISLALENHEFKPWIQPVFCAQTGVLTGCEVLVRWEHPQTGIIPPDQFIPLAESSGLIVIMTRQLMKQTADILMPVKHLLPDNFHIGINVSAGCFLAAGFEKECLNLVNKLGNDKIKLVLELTERNPIPVTPEARAIFDSLHQHNITFALDDFGTGYATYRYLQAFPVDFIKIDKSFVQMASVDEISGHIVDNIVELARKPGLSIVAEGVETQEQADLMIGKGVHFLQGYLYSPPVPGNKFISEWVMKAGGHHHHHH,369
7pkw.A.pdb,240,DANRKYDYKLQYYLNDYVYAYFTLPQEGDKQQAQVEHLNSFYNFVPDVKAQGQVRNPSTLLDSQLVTVEGKVATYKVKYKEMIQTEEKELVTGFNIPFDEKEGKYYVSGLPWFSAIESSQAGYFSEDDQLQLTANDHVSDSQHKKVEKFLKVFFTNYTTNQDNLNLIAKNVAIVANTTFKTIDYTYLKKDRADLIAYVQATFEVGGTTHSENFTFTLSEKDKSYYVTKLEHTIPLNYAND,transport protein,1.84,2021-08-27,2022-09-07,x-ray diffraction,SNKVGTLQAQVEATQKQKAQPIDANRKYDYKLQYYLNDYVYAYFTLPQEGDKQQAQVEHLNSFYNFVPDVKAQGQVRNPSTLLDSQLVTVEGKVATYKVKYKEMIQHDKDTEEKELVTGFNIPFDEKEGKYYVSGLPWFSAIESSQAGYFSEDDQLQLTANDHVSDSQHKKVEKFLKVFFTNYTTNQDNLNLIAKNVAIVANTTFKTIDYTYLKKDRADLIAYVQATFEVGGTTHSENFTFTLSEKDKSYYVTKLEHTIPLNYANDKD,268
7pl4.A.pdb,31,GGLHVLLTATPVGLTLLIVLAALGFFYGKKR,transferase,,2021-08-28,2022-09-07,solution nmr,GGLHVLLTATPVGLTLLIVLAALGFFYGKKR,31
7pl7.A.pdb,155,PDLKKMEQESIDQLCELKKLKQFDIQPDGHSLFASILDQLKLRHDPKKLDQDMDVMKLRWLSCNYVQEHRDDFIPYLFDMKMKDIDEYTKEMEHTAQWGGEIEILALSHVFDCPISILMSGRPIQVYNECGKNPELKLVYYKHSYGEHYNSLHDS,hydrolase,2.6,2021-08-28,2022-09-07,x-ray diffraction,GPSKQPDLKKMEQESIDQLCELKKLKQFDIQPDGHSLFASILDQLKLRHDPKKLDQDMDVMKLRWLSCNYVQEHRDDFIPYLFDEETMKMKDIDEYTKEMEHTAQWGGEIEILALSHVFDCPISILMSGRPIQVYNECGKNPELKLVYYKHSYALGEHYNSLHDS,165
7r08.E.pdb,488,MKKVYELTSEEALSYFLRHDSYTTLELPAYINFTTLLNDINSSIHNKKIKIEPTAKELMGKDINYEVLVSGLYSWRRITLINPLYYVYFCRKITAPATWEIITEKFKSFESNDLFTCSSIPVRKDMNWWEDFEQKSLALALEYEFMFSTDISNFYPSIYTHSFEWVFISKSKNNPGGLIDSHIQMMMNNNGIPLGSTLMDTFAELILGQIDIELRKKTNELKIINYKVVRYRDDYRIFSNSKDDLDIISKCLVNVLGDFGLDLNSKKTELYEDIILHSLKQAKKDYIKEKRHKSLQKMLYSIYLFSLKHPNSKTTVRYLNDFLRNLFKRKTIKDNGQQVDAMLGIISSIMAKNPTTYPVGTAIFSKLLSFLYGDDTQKKLTKLEQLHKKLDKQPNTEMLDIWFQRTQAKINLEWNYKSALCVRINDELTKEKTFSVNNLWNIDWIQGKETSPNKAKILSLLRKTKIVDTDKFDKMDDNITPEEVNLFF,antiviral protein,3.1,2022-02-01,2022-09-07,x-ray diffraction,MQIDAVKCATASRNTFNFMIKNIIPNKSIILMKKVYELTSEEALSYFLRHDSYTTLELPAYINFTTLLNDINSSIHNKKIKIEPTAKELMGKDINYEVLVSKDGLYSWRRITLINPLYYVYFCRKITAPATWEIITEKFKSFESNDLFTCSSIPVRKDNSSNIAASVMNWWEDFEQKSLALALEYEFMFSTDISNFYPSIYTHSFEWVFISKEEAKKKKSKNNPGGLIDSHIQMMMNNQTNGIPLGSTLMDTFAELILGQIDIELRKKTNELKIINYKVVRYRDDYRIFSNSKDDLDIISKCLVNVLGDFGLDLNSKKTELYEDIILHSLKQAKKDYIKEKRHKSLQKMLYSIYLFSLKHPNSKTTVRYLNDFLRNLFKRKTIKDNGQQVDAMLGIISSIMAKNPTTYPVGTAIFSKLLSFLYGDDTQKKLTKLEQLHKKLDKQPNTEMLDIWFQRTQAKINLEWNKSYKSALCVRINDELTKEKTFSVNNLWNIDWIQGKETSPNKAKILSLLRKTKIVDTDKFDKMDDNITPEEVNLFF,541
7t1j.B.pdb,456,MDQSNRYANLSLREEDLIAGGKHVLCAYIMKPKAGYGYLESAAHFAAESSTGTNVEVCTTDDFTRGVDALVYEIDEANELMKIAYPVDLFDRNIIDGRAMLASFLTLAIGNNQGMGDIEYAKIHDVYFPPCYLRLFDGPAMNIVDMWRVLERPLVDGGMVVGTIIKPKLGLRPEPFAAACYQFWLGGDFINDEPQGNQVFAPLRTIMPMIADSMRRAQDETGQAKLFSANITADDPAEMYARGEFILETFGEFADHVAFLVDGYVAGPTAVTACRRRFPQQFLHYHRAGHGAVTSPQSKRGYTAFVHCKMSRLSGASGIHTGTMGYGKMEGDADDKAIAYMLEQDDAQGPYFRQTWQGMKATTPIISGGMNALRLPGFFDNLGHSNVIQTSGGGAFGHKDGGAAGAKSLRQASLAWQQGVDLLDYAKEHPELAGAFESFPKDADALYPNWREKLKT,lyase,1.96,2021-12-02,2022-09-07,x-ray diffraction,MDQSNRYANLSLREEDLIAGGKHVLCAYIMKPKAGYGYLESAAHFAAESSTGTNVEVCTTDDFTRGVDALVYEIDEANELMKIAYPVDLFDRNIIDGRAMLASFLTLAIGNNQGMGDIEYAKIHDVYFPPCYLRLFDGPAMNIVDMWRVLERPLVDGGMVVGTIIKPKLGLRPEPFAAACYQFWLGGDFIKNDEPQGNQVFAPLRTIMPMIADSMRRAQDETGQAKLFSANITADDPAEMYARGEFILETFGEFADHVAFLVDGYVAGPTAVTACRRRFPQQFLHYHRAGHGAVTSPQSKRGYTAFVHCKMSRLSGASGIHTGTMGYGKMEGDADDKAIAYMLEQDDAQGPYFRQTWQGMKATTPIISGGMNALRLPGFFDNLGHSNVIQTSGGGAFGHKDGGAAGAKSLRQASLAWQQGVDLLDYAKEHPELAGAFESFPKDADALYPNWREKLKTVAA,460
7uwg.C.pdb,137,SNAEYDLFISHASEDKEDFVRPLAETLQQLGVNVWYDEFTLKVGDSLRQKIDSGLRNSKYGTVVLSTDFIKKDWTNYELDGLVAREMNGHKMILPIWHKITKNDVLDYSPNLADKVALNTSVNSIEEIAHQLADVIL,hydrolase,2.16,2022-05-03,2022-09-07,x-ray diffraction,SNAEYDLFISHASEDKEDFVRPLAETLQQLGVNVWYDEFTLKVGDSLRQKIDSGLRNSKYGTVVLSTDFIKKDWTNYELDGLVAREMNGHKMILPIWHKITKNDVLDYSPNLADKVALNTSVNSIEEIAHQLADVIL,137
7uxt.A.pdb,469,FIIKGEVSRKDLIREIEKAIKSDELGAFIGAGLSIPAGFCSWKELLREPAEEIGLDVEKESDLVNLAQYYSNSKKRTSIDDLIKGQFSQLVKPTENHKLLSQLPISTFWTTNYDKLIEKALENNMKKPYVKTKDEQLRGTNHNFDAIVYKLHGDVETPEDAVITRSDYEEFGYNKRKLFREVLEGDLLTKTFLFLGFSFEDPNFNYVIGRLRVLLDEKNTRKHYCIMKRVQDADEDYEYKKARQELQIEDLNRYGIFTYLVNKYDEITEILSTLVDRFRRKTIFISGSAYSYSAYSQKTGENFIHKLSFELSKNGYHIVNGYGKGVGEFVLNGVADYCLTHKSKINDFLTLMPFPQNSSLGIDLDKLYKENREQMIESCGIAIFLFGNKEAEDIASGVMDEYELSKKHGLVCLPIEYTGGASKEIYDQTTQEISDKNTISAIEQANKQCDGDIDMSVKNIVQAVKILNK,hydrolase,3.4,2022-05-06,2022-09-07,x-ray diffraction,MHHHHHHSSGVDLGTENLYFQSNAMFIIKGEVSRKDLIREIEKAIKSDELGAFIGAGLSIPAGFCSWKELLREPAEEIGLDVEKESDLVNLAQYYSNSKKRTSIDDLIKGQFSQLVKPTENHKLLSQLPISTFWTTNYDKLIEKALENNMKKPYVKTKDEQLRGTNHNFDAIVYKLHGDVETPEDAVITRSDYEEFGYNKRKLFREVLEGDLLTKTFLFLGFSFEDPNFNYVIGRLRVLLDEKNTRKHYCIMKRVQDADEDYEYKKARQELQIEDLNRYGIFTYLVNKYDEITEILSTLVDRFRRKTIFISGSAYSYSAYSQKTGENFIHKLSFELSKNGYHIVNGYGKGVGEFVLNGVADYCLTHKSKINDFLTLMPFPQNSSLGIDLDKLYKENREQMIESCGIAIFLFGNKEAEDIASGVMDEYELSKKHGLVCLPIEYTGGASKEIYDQTTQEISDKNTISAIEQANKQCDGDIDMSVKNIVQAVKILNKEEF,497
7vbo.A.pdb,181,ELAPTDDTYVENKSSTVDSNFATSKQLKFKGTSKGSDDRIGYLKFDISNFKGEIDKAYIELEGKTSSSSEVYPPIDISIHGLTDDTWSETDLTWNNSPNHEPGSAKVVGLGETATFLGKVTVNFGEYHKVELDITDYIKNHSDNKDGIVALISDQDQNNAYGWFRSTQETSEDTYPKLILV,sugar binding protein,1.5,2021-09-01,2022-09-07,x-ray diffraction,RGSHHHHHHGMASELAPTDDTYVENKSSTVDSNFATSKQLKFKGTSKGSDDRIGYLKFDISNFKGEIDKAYIELEGKTSSSSEVYPPIDISIHGLTDDTWSETDLTWNNSPNHEPGSAKVVGLGETATFLGKVTVNFGEYHKVELDITDYIKNHSDNKDGIVALMISDQDQNNAYGWFRSTQETSEDTYPKLILVGKTEEIVL,203
7vi8.B.pdb,253,ERVLIVNADDFGLSKGQNYGIIEACRNGVVTSTTALVNGAAIDHAAQLGRSTPELAVGMHFVLTLGEPLSAMPGLTRDGRLGKWIWQQAEEDSLPLEEIAHELACQYHRFVELFGHEPTHIDSHHHVHMFAQIYPIVAAFAREKGIALRIDRQVAAQSGLDQQAARSSAGFSSEFYGEAVSEELFLQTLDASIARGERSLEVMCHPAYVDRIIMGSAYCYPRLDELDVLTAASLKAAVADRGYRLGTYRDVLE,hydrolase,1.83,2021-09-26,2022-09-07,x-ray diffraction,MERVLIVNADDFGLSKGQNYGIIEACRNGVVTSTTALVNGAAIDHAAQLGRSTPELAVGMHFVLTLGEPLSAMPGLTRDGRLGKWIWQQAEEDSLPLEEIAHELACQYHRFVELFGHEPTHIDSHHHVHMFAQIYPIVAAFAREKGIALRIDRQVAAQSGLDQQAARSSAGFSSEFYGEAVSEELFLQTLDASIARGERSLEVMCHPAYVDRIIMGSAYCYPRLDELDVLTAASLKAAVADRGYRLGTYRDVLE,254
7vt4.A.pdb,438,TGGIVELNRQLGRGVNLGNALEAPWEGAWGVRLEEGFFELIREAGFKTIRLPVSWTHHAGRAAPYTIDPAFFSRVDWAVTQATRRGLNIVVNVHHYDELNANPQAEEARYLSIWRQIAERYRNQPGSVYFELLNEPHGRFNDNPQLWNDLLAKALRVVRESNPSRAVIVGPVGWNSLWRLSELRLPDDPNLIVTFHYYDPLEFTHQGAEWLNPVPPTGVVWRENQGAFAAGWQNWSWGSRVGFVGEALEITYQEGWAGFYLHSDAGVEGYDRLAFRTSAPVSLQVSCRRDAPAKAVTTSGGVETVVNLSECGNPSRLTDLILQNNSPNARAAFRLERLELRGPGSPLALLTHQQNAIAQAMEFAQRWAEQNRRPIFVGQFGAYEKGDLDSRVRWTGAVRSELEKRNFSWAYWEFAAGFGIYDRTTRQWRTPLLKALVP,hydrolase,1.93,2021-10-28,2022-09-07,x-ray diffraction,MGCQSTQLQTPAPDTGGIVELNRQLGRGVNLGNALEAPWEGAWGVRLEEGFFELIREAGFKTIRLPVSWTHHAGRAAPYTIDPAFFSRVDWAVTQATRRGLNIVVNVHHYDELNANPQAEEARYLSIWRQIAERYRNQPGSVYFELLNEPHGRFNDNPQLWNDLLAKALRVVRESNPSRAVIVGPVGWNSLWRLSELRLPDDPNLIVTFHYYDPLEFTHQGAEWLNPVPPTGVVWRENQGAFAAGWQNWSWGSRVGFVGEALEITYQEGWAGFYLHSDAGVEGYDRLAFRTSAPVSLQVSCRRDAPAKAVTTSGGVETVVNLSECGNPSRLTDLILQNNSPNARAAFRLERLELRGPGSPLALLTHQQNAIAQAMEFAQRWAEQNRRPIFVGQFGAYEKGDLDSRVRWTGAVRSELEKRNFSWAYWEFAAGFGIYDRTTRQWRTPLLKALVPEQPKLAAALEHHHHHH,468
7vt5.A.pdb,311,GIVELNRQLGRGVNLGNALEAPWEGAWGVRLEEGFFELIREAGFKTIRLPVSWTHHAGRAAPYTIDPAFFSRVDWAVTQATRRGLNIVVNVHHYDELNANPQAEEARYLSIWRQIAERYRNQPGSVYFELLNEPHGRFNDNPQLWNDLLAKALRVVRESNPSRAVIVGPVGWNSLWRLSELRLPDDPNLIVTFHYYDPLEFTHQGAEWLNPVPPTGVVWHQQNAIAQAMEFAQRWAEQNRRPIFVGEFGAYEKGDLDSRVRWTGAVRSELEKRNFSWAYWEFAAGFGIYDRTTRQWRTPLLKALVPEQPKL,hydrolase,1.46,2021-10-28,2022-09-07,x-ray diffraction,MGCQSTQLQTPAPDTGGIVELNRQLGRGVNLGNALEAPWEGAWGVRLEEGFFELIREAGFKTIRLPVSWTHHAGRAAPYTIDPAFFSRVDWAVTQATRRGLNIVVNVHHYDELNANPQAEEARYLSIWRQIAERYRNQPGSVYFELLNEPHGRFNDNPQLWNDLLAKALRVVRESNPSRAVIVGPVGWNSLWRLSELRLPDDPNLIVTFHYYDPLEFTHQGAEWLNPVPPTGVVWHQQNAIAQAMEFAQRWAEQNRRPIFVGEFGAYEKGDLDSRVRWTGAVRSELEKRNFSWAYWEFAAGFGIYDRTTRQWRTPLLKALVPEQPKLKLAAALEHHHHHH,340
7w6x.A.pdb,446,LSFLWDLASFIVALGVLITVHEFGHFWVARRCGVRVERFSIGFGKALWRRTDKLGTEYVIALIPLGGYVKMLDERAEPVVPELRHHAFNNKSVGQRAAIIAAGPVANFIFAIFAYWLVFIIGVPGVRPVVGEIAANSIAAEAQIAPGTELKAVDGIETPDWDAVRLQLVDKIGDESTTITVAPFGSDQRRDVKLDLRHWAFEPDKEDPVSSLGIRPRGPQIEPVLENVQPNSAASKAGLQAGDRIVKVDGQPLTQWVTFVMLVRDNPGKSLALEIERQGSPLSLTLIPESKPGNGKAIGFVGIEPKVIPLPDEYKVVRQYGPFNAIVEATDKTWQLMKLTVSMLGKLITGDVKLNNLSGPISIAKGAGMTAELGVVYYLPFLALISVNLGIINLFPLPVLDGGHLLFLAIEKIKGGPVSERVQDFCYRIGSILLVLLMGLALFNDF,hydrolase,3.2,2021-12-02,2022-09-07,x-ray diffraction,MLSFLWDLASFIVALGVLITVHEFGHFWVARRCGVRVERFSIGFGKALWRRTDKLGTEYVIALIPLGGYVKMLDERAEPVVPELRHHAFNNKSVGQRAAIIAAGPVANFIFAIFAYWLVFIIGVPGVRPVVGEIAANSIAAEAQIAPGTELKAVDGIETPDWDAVRLQLVDKIGDESTTITVAPFGSDQRRDVKLDLRHWAFEPDKEDPVSSLGIRPRGPQIEPVLENVQPNSAASKAGLQAGDRIVKVDGQPLTQWVTFVMLVRDNPGKSLALEIERQGSPLSLTLIPESKPGNGKAIGFVGIEPKVIPLPDEYKVVRQYGPFNAIVEATDKTWQLMKLTVSMLGKLITGDVKLNNLSGPISIAKGAGMTAELGVVYYLPFLALISVNLGIINLFPLPVLDGGHLLFLAIEKIKGGPVSERVQDFCYRIGSILLVLLMGLALFNDFSRLGTENLYFQ,458
7x7w.A.pdb,288,MKHGIYYAYWEKQWQADYIPYIEKAAQLGFDILEIAASPLPFYSEQQMKDIKACAEANGITLTCGHGPSPDQNLASSDPAVRAHAKSFFTDLLSRLEKMDIHVIGGGIYSYWPVDYSMPIDKPGDWARSVEGVAEMAKVAESCGVDYCLEVLNRFEGYLLNTAEEAVQFVQEVNHPRVKIMLDTFHMNIEEDSIGGAIRRAGQHLGHFHTGECNRRVPGRGRTPWREIGEALRDIGYTGAVVMEPFVRMGGQVGSDIKIWREMNPGADDAQLDLDAKNAVTFQRYMLD,isomerase,2.1,2022-03-10,2022-09-07,x-ray diffraction,MKHGIYYAYWEKQWQADYIPYIEKAAQLGFDILEIAASPLPFYSEQQMKDIKACAEANGITLTCGHGPSPDQNLASSDPAVRAHAKSFFTDLLSRLEKMDIHVIGGGIYSYWPVDYSMPIDKPGDWARSVEGVAEMAKVAESCGVDYCLEVLNRFEGYLLNTAEEAVQFVQEVNHPRVKIMLDTFHMNIEEDSIGGAIRRAGQHLGHFHTGECNRRVPGRGRTPWREIGEALRDIGYTGAVVMEPFVRMGGQVGSDIKIWREMNPGADDAQLDLDAKNAVTFQRYMLD,288
7zgm.A.pdb,702,TDYTKYVNTFIGAADNGHTFPGACRPFGMIQTSPVTGAVGWRYCSEYVNSDSIIWGFTQTHLNGTGCMDLGDVLVMPVTGTRTRAWDAYRSRFSKKLEAATPGYYTVELTEPNVKAELTATPHAALHRYTYHNADSASVLIDLQHGPTWNENQYHSQVKECEVNWEDAQTLTGHVRNSVWVNQDYFFVMKFNRPVTDSLYLPMGETEKGKRIIASFDMQPGEELLMKVALSTTGIEGARKNMEAEVPAWDFEGVKKTAHDDWNSYLSRIDVTGTEDEKTNFYTCFYHALIQPNQISDVDGLYRNAADSVVKAGTGTFYSTFSLWDTYRAAHPFYTLMVPEKVDGFVNSLVEQSEVQGFLPIWGLWGKETYTMVGNHGVSVIAEAYRKGFRGFDAERAFNAIKQTQTVSHKQKSDWETYMKYGYFPTDLIKTESVSSSLESVYDDYAAADMAKRMGKTEDAAYFSKRADFYKNLFDTETQFMRPRNSNGTWKTPFNPSQVAHATGGDYTEGNAWQYTWHVQHDVPGLISLFGGEEPFLNKLDSLFTLKLETTQADVTGLIGQYAHGNEPSHHITYLYALAGRPERTQELVREIFDTQYHPEPDGLCGNDDCGQMSAWYMFSAMGFYPVDPVSGNYVFGAPQMPKIVLHLADGKTFTVIADGISKEHKYIDSITLNGEPYTKNYISHEDILKGGTLVYKMKLEH,hydrolase,1.43,2022-04-04,2022-09-07,x-ray diffraction,TDYTKYVNTFIGAADNGHTFPGACRPFGMIQTSPVTGAVGWRYCSEYVNSDSIIWGFTQTHLNGTGCMDLGDVLVMPVTGTRTRAWDAYRSRFSKKLEAATPGYYTVELTEPNVKAELTATPHAALHRYTYHNADSASVLIDLQHGPTWNENQYHSQVKECEVNWEDAQTLTGHVRNSVWVNQDYFFVMKFNRPVTDSLYLPMGETEKGKRIIASFDMQPGEELLMKVALSTTGIEGARKNMEAEVPAWDFEGVKKTAHDDWNSYLSRIDVTGTEDEKTNFYTCFYHALIQPNQISDVDGLYRNAADSVVKAGTGTFYSTFSLWDTYRAAHPFYTLMVPEKVDGFVNSLVEQSEVQGFLPIWGLWGKETYTMVGNHGVSVIAEAYRKGFRGFDAERAFNAIKQTQTVSHKQKSDWETYMKYGYFPTDLIKTESVSSSLESVYDDYAAADMAKRMGKTEDAAYFSKRADFYKNLFDTETQFMRPRNSNGTWKTPFNPSQVAHAESTGGDYTEGNAWQYTWHVQHDVPGLISLFGGEEPFLNKLDSLFTLKLETTQADVTGLIGQYAHGNEPSHHITYLYALAGRPERTQELVREIFDTQYHPEPDGLCGNDDCGQMSAWYMFSAMGFYPVDPVSGNYVFGAPQMPKIVLHLADGKTFTVIADGISKEHKYIDSITLNGEPYTKNYISHEDILKGGTLVYKMKLEHHHHHH,709
7zw9.A.pdb,173,MTIYKLGENAPSIHESVFVADSATIVGKVVLEENASVWFGATIRGDNEPITVGAGSNVQEGAVLHTDPGCPLTIAPNVTVGHQAMLHGCTIGEGSLIGIQAVILNRAVIGRNCLVGAGAVITEGKAFPDNSLILGAPAKVVRTLSDEDIARMHMNTKSYAMRRAYFKEQLVRI,lyase,2.1,2022-05-19,2022-09-07,x-ray diffraction,MRGSHHHHHHGMASMTGGQQMGRDLYDDDDKDHPFTMTIYKLGENAPSIHESVFVADSATIVGKVVLEENASVWFGATIRGDNEPITVGAGSNVQEGAVLHTDPGCPLTIAPNVTVGHQAMLHGCTIGEGSLIGIQAVILNRAVIGRNCLVGAGAVITEGKAFPDNSLILGAPAKVVRTLSDEDIARMHMNTKSYAMRRAYFKEQLVRIG,210
8d7f.A.pdb,362,RRHSVMLDCKLWKDDPIYFFKTLPPYISKYAQRADDASIQAQIDVFGKDDVGAMPGALGPRGNFAAVTFAESFPDRVAMLAYLNEVLSFYECFEKQMTEMLDATLYANPVPKDPKYDNPVWQANYKNTMTKWPKILENLDPKLGPKCVKSLVALVEGTDMEPKMAHYKTMKEYALDRTNYIAWPVACDNAEFGSQLNLTQDQLDSVRDIFLPLWTHSCYVYDYYHYDKEAEIHSTYGKGRSMINSIPLLNRLKGLSVEEAKAWLKQRCFELEKEYLQRKEDYFSENPVEAVPVDLRRWFLSQEDLATGFAIWCATTYHNHPPFGEGYAAPYEKRRKEGALWFEKVTESDQLMTGGFEVRYAN,lyase,2.62,2022-06-07,2022-09-07,x-ray diffraction,SNAEGLRRHSVMLDCKLWKDDPIYFFKTLPPYISKYAQRADDASIQAQIDVFGKDDVGAMPGALGPRGNFAAVTFAESFPDRVAMLAYLNEVLSFYECFEKQMTEMLDATLYANPVPKDPKYDNPVWQANYKNTMTKWPKILENLDPKLGPKCVKSLVALVEGTDMEPKMAHYKTMKEYALDRTNYIAWPVACDNAEFGSQLNLTQDQLDSVRDIFLPLWTHSCYVYDYYHYDKEAEIHSTYGKGRSMINSIPLLNRLKGLSVEEAKAWLKQRCFELEKEYLQRKEDYFSENPVEAVPVDLRRWFLSQEDLATGFAIWCATTYHNHPPFGEGYAAPYEKRRKEGALWFEKVTESDQLMTGGFEVRYAN,368
8dkr.B.pdb,248,GIPKTGGDKSVINLKFILAAIDAHKKLGWEPAGSKRIGFDVADDGEDANATTLMHGNVIMEVDEWDGLEDELLKSSSRVYNLAKIKGASVTYDSIGVGAHVGSKFAELNDASPDFKLIYDPFNAGGAVDKPDDVYMKLPHTTIKNKDHFSNIKAQKWEEVATRFRKTYEAVEHGKVYPFDELISINSETIHPDKLNQLCIELSSPRKDLDMNGRFKVESKKDMREKRKIKSPNIADSVIMSAILPIRK,hydrolase,2.05,2022-07-06,2022-09-07,x-ray diffraction,GIPKTGGDKSVINLKFILAAIDAHKKLGWEPAGSKRIGFDVADDGEDANATTLMHGNVIMEVDEWDGLEDELLKSSSRVYNLAKIKGASVTYDSIGVGAHVGSKFAELNDASPDFKLIYDPFNAGGAVDKPDDVYMKLPHTTIKNKDHFSNIKAQKWEEVATRFRKTYEAVEHGKVYPFDELISINSETIHPDKLNQLCIELSSPRKDLDMNGRFKVESKKDMREKRKIKSPNIADSVIMSAILPIRKPKGFFDF,255
7fgp.A.pdb,377,QDLKAIVVGAGVIGSSVAYRLAQGGAQVTLVEADRVGGGTSCVSYAWVNACEKLTSHSYYKLNYAGRQAHEAILDEFESPAWYHRPGVLQWQHAEAEAGGRDDNDPLDKYRQLVEWGYPAELIDARDVRELEPQINADAIGNAPVIHYPQDGWLDPTLYAGSLTEAAVRHGLTLVRGKVAGLVVESGRCTGVRLDDGSVLGADAVINCSGRWSNETVGEGAPHVPLAPTVGLIAYTAPAGIGLRRALRTPLVNRPDGAGRLLLRSNELDQLVGNHDAPALDHPQALELLRRAEATVPALASVGIEAVRIAIRPIPQDSYSAVGPVPNLGNYWVAVTHSGVTLGAFIGEALADEVLNGRPRPELDDFRPARFFEQEPA,flavoprotein,1.47,2021-07-27,2022-08-31,x-ray diffraction,MGSSHHHHHHSQDLKAIVVGAGVIGSSVAYRLAQGGAQVTLVEADRVGGGTSCVSYAWVNACEKLTSHSYYKLNYAGRQAHEAILDEFESPAWYHRPGVLQWQHAEAEAGGRDDNDPLDKYRQLVEWGYPAELIDARDVRELEPQINADAIGNAPVIHYPQDGWLDPTLYAGSLTEAAMVRHGLTLVRGKVAGLVVESGRCTGVRLDDGSVLGADAVINCSGRWSNETVGEGAPHVPLAPTVGLIAYTAPAGIGLRRALRTPLVNMRPDGAGRLLLRSNELDQLVGNHDAPALDHPQALELLRRAEATVPALASVGIEAVRIAIRPIPQDSYSAVGPVPNLGNYWVAVTHSGVTLGAFIGEALADEVLNGRPRPELDDFRPARFFEQEPA,390
7q83.D.pdb,156,PYENNNPYAGSDDFVAFMNKINSINANLSRYENIINQIDAQHKDLLTQVSEEQEMELRRSLDDYISQATDLQYQLKADIKDAQRDGLHDSNKQAQAENCRQKFLKLIQDYRIIDSNYKEESKEQAEVQARHQELLKLEKTMAELTQLFNDMEELVI,exocytosis,2.19,2021-11-09,2022-08-31,x-ray diffraction,GSHMMSNANPYENNNPYAENYEMQEDLNNAPTGHYEGSDDFVAFMNKINSINANLSRYENIINQIDAQHKDLLTQVSEEQEMELRRSLDDYISQATDLQYQLKADIKDAQRDGLHDSNKQAQAENCRQKFLKLIQDYRIIDSNYKEESKEQAKRQYTIIQPEATDEEVEAAINDVNGQQIFSQALLNANRRGEAKTALAEVQARHQELLKLEKTMAELTQLFNDMEELVIEQQENVDVIDKNVEDAQQDVEQGVGHTNKAVKSARKARKNKIRC,274
7te2.A.pdb,205,SLQTVLVNRMVELATGPELGAMDLLFDEFRAAHVPVEEMATHYIPEAARQIGAAWDSDRIGFAQVTIAISRLQELLHALQTLVTGATVLLIVPPGEQHTLGALIVAMELRRRGVSVRIVFAPGLSDLSRLMATTRFDAALITVGSMDRVEICAKLVKTLSSLTKGRMRVAIGGAIVSQRAEALARTGADLVTNDLSLVISEFSLV,transcription,2.25,2022-01-04,2022-08-31,x-ray diffraction,SLQTVLVNRMVELATGPELGAMDLLFDEFRAAHVPVEEMATHYIPEAARQIGAAWDSDRIGFAQVTIAISRLQELLHALQTLVTADSVGCANGATVLLIVPPGEQHTLGALIVAMELRRRGVSVRIVFAPGLSDLSRLMATTRFDAALITVGSMDRVEICAKLVKTLSSLTKGRMRVAIGGAIVSQRAEALARTGADLVTNDLSLVISEFSLV,213
7tol.A.pdb,493,SHMEKKTLSLCPICLKRIPATILEEDGKIIIKKTCPEHGEFKDIYWGDAELYKKFDKYEFIGKIEVTNTKVKNGCPYDCGLCPNHKSTTILANIDVTNRCNLNCPICFANANKSGKVYEPSFEDIKRMMENLRKEIPPTPAIQFAGGEPTVRSDLPELIKLARDMGFLHVQLATNGIKLKNINYLKKLKEAGLSTIYLQFDGISEKPYLVARGKNLLPIKQKVIENCKKVGFDSVVLVPTLVRGVNDNEVGGIIRYAAENVDVVRGINFQPVSFTGRVDEKTLLEGRITIPDFIKLVEEQTDGEITEEDFYPVPSVAPISVLVEKLTNDRKPTLSSHQHCGTSTYVFVDEDGKLIPITRFIDVEGFLEIVKEKIEEIMHDVKVLGEIALKLPSLIAPKSVNIKKIIDLILSVLKSDYSALAELHYHMLMISCMHFMDAYNFDVKRVMRCCIHYATPDDRIIPFCTYNTLHRQEVEEKFSIPLEEWKRMHKIGG,oxidoreductase,2.03,2022-01-24,2022-08-31,x-ray diffraction,MGSSHHHHHHSSGLVPRGSHMEKKTLSLCPICLKRIPATILEEDGKIIIKKTCPEHGEFKDIYWGDAELYKKFDKYEFIGKIEVTNTKVKNGCPYDCGLCPNHKSTTILANIDVTNRCNLNCPICFANANKSGKVYEPSFEDIKRMMENLRKEIPPTPAIQFAGGEPTVRSDLPELIKLARDMGFLHVQLATNGIKLKNINYLKKLKEAGLSTIYLQFDGISEKPYLVARGKNLLPIKQKVIENCKKVGFDSVVLVPTLVRGVNDNEVGGIIRYAAENVDVVRGINFQPVSFTGRVDEKTLLEGRITIPDFIKLVEEQTDGEITEEDFYPVPSVAPISVLVEKLTNDRKPTLSSHQHCGTSTYVFVDEDGKLIPITRFIDVEGFLEIVKEKIEEIGKSKMHDVKVLGEIALKLPSLIDLDKAPKSVNIKKIIDLILSVLKSDYSALAELHYHMLMISCMHFMDAYNFDVKRVMRCCIHYATPDDRIIPFCTYNTLHRQEVEEKFSIPLEEWKRMHKIGGEDDREDY,526
7ug9.A.pdb,206,IYDLHSHTTASDGCLTPEALVHRAVEMRVGTLAITDHDTTAAIAPAREEISRSGLALNLIPGVEISTVWENHEIHIVGLNIDITHPLMCEFLAQQTERWCTIEQAIDVIHHSGGKAVLAHPGRYNLSAKWLKRLVAHFAEHHGDAMEVAQCQQSPNERTQLAALARQHHLWASQGSDFHQPCPWIELGRKLWLPAGVEGVWQLWEQ,hydrolase,1.69,2022-03-24,2022-08-31,x-ray diffraction,MSDTNYAVIYDLHSHTTASDGCLTPEALVHRAVEMRVGTLAITDHDTTAAIAPAREEISRSGLALNLIPGVEISTVWENHEIHIVGLNIDITHPLMCEFLAQQTERRNQRAQLIAERLEKAQIPGALEGAQRLAQGGAVTRGHFARFLVECGKASSMADVFKKYLARGKTGYVPPQWCTIEQAIDVIHHSGGKAVLAHPGRYNLSAKWLKRLVAHFAEHHGDAMEVAQCQQSPNERTQLAALARQHHLWASQGSDFHQPCPWIELGRKLWLPAGVEGVWQLWEQPQNTTEREL,293
7wq5.A.pdb,172,STRRSSIYRGVTRHRWTGRFEAHLWDKSSWNSIQNKKGKQVYLGAYDSEEAAAHTYDLAALKYWGPDTILNFPAETYTKELEEMQRVTKEEYLASLRRQSSGFSRGVSKYRGVARHHHNGRWEARIGRVFGNKYLYLGTYNTQEEAAAAYDMAAIEYRGANAVTNFDISNYI,dna binding protein,2.35,2022-01-24,2022-08-31,x-ray diffraction,MGASTRRSSIYRGVTRHRWTGRFEAHLWDKSSWNSIQNKKGKQVYLGAYDSEEAAAHTYDLAALKYWGPDTILNFPAETYTKELEEMQRVTKEEYLASLRRQSSGFSRGVSKYRGVARHHHNGRWEARIGRVFGNKYLYLGTYNTQEEAAAAYDMAAIEYRGANAVTNFDISNYIDRLKKKGVFPFPVNQANHQEGILVEAKQEVETREAKEEPREEVKQQYVEEPPQEEEEKEEEKAEQQEAEIVGYSEEA,252
7xjt.B.pdb,330,NRDLLSLMHHSERELTYLLDMARDLKRAKYSGTEQKHLLGKNIALIFEKTSTRTRCAFEVAAYDQGANVTFIGPNSSQIGYKESMKDTARVLSRMYDAIEYRGFGQEIVNELAEYADIPVFNGLTNEFHPTQMLADVMTMREHTDKSTHQIKYAYFGDARNNMGRSLYLMGAKMGMDVRLCAPKDLWPEADFLATCADFAKESGARLTITDDVKTAAKDVDFVHTDVWVSMGEPIESWAERIDALMAYQVNMDLIKATGNPRVKFMHCLPAFHNSDTEVGKKITEKYPQLADGIEVTEEVFESPYNIAFEQAENRMHTIKAVLVSALGNI,transferase,2.6,2022-04-18,2022-08-31,x-ray diffraction,MSFNLHNRDLLSLMHHSERELTYLLDMARDLKRAKYSGTEQKHLLGKNIALIFEKTSTRTRCAFEVAAYDQGANVTFIGPNSSQIGYKESMKDTARVLSRMYDAIEYRGFGQEIVNELAEYADIPVFNGLTNEFHPTQMLADVMTMREHTDKSTHQIKYAYFGDARNNMGRSLYLMGAKMGMDVRLCAPKDLWPEADFLATCADFAKESGARLTITDDVKTAAKDVDFVHTDVWVSMGEPIESWAERIDALMAYQVNMDLIKATGNPRVKFMHCLPAFHNSDTEVGKKITEKYPQLADGIEVTEEVFESPYNIAFEQAENRMHTIKAVLVSALGNI,336
7y4n.A.pdb,60,GEEMLVQALYDFVPQESGELDFRRGDVITVTDRSDENWWNGEIGNRKGIFPATYVTPYHS,peptide binding protein,,2022-06-15,2022-08-31,solution nmr,GEEMLVQALYDFVPQESGELDFRRGDVITVTDRSDENWWNGEIGNRKGIFPATYVTPYHS,60
7y78.B.pdb,341,NGIKALDPFNFYRIRTFCGKMLDVVGQSTSDNAMVVQYSINNKPNQNFLVFTLDDGYSIIAAENSGKVLDISEDFFFKGMLIQYHFANSDNQKFLISNNGTIAVKRSGKVFDIPGASTSNDAPVIAYNFNNAANQKFTFERVKTFQVPSPSIGTLPPAPDFKNDINEQLPDKTNPVITHFSTIPYIMANDATFNSHQQIQYSPYYKLVRIQYWEKVTQRILGPRDDYEYNKTKGISKTDQVSMTETVSMSVGADFGFMFKGFSASLSAQITKELSVTKSTSTTEMTEETYKEKYTNPFNYELARAQYMLVNEFYVTRMDGTRITANWTLRDNTQTVTRIFP,toxin,2.9,2022-06-21,2022-08-31,x-ray diffraction,AHMNEIDNGIKALDPFNFYRIRTFCGKMLDVVGQSTSDNAMVVQYSINNKPNQNFLVFTLDDGYSIIAAENSGKVLDISEDFFFKGMLIQYHFANSDNQKFLISNNGTIAVKRSGKVFDIPGASTSNDAPVIAYNFNNAANQKFTFERVKTFQVPSPSIGTLPPAPDFKNDINEQLPDKTNPVITHFSTIPYIMANDATFNSHQQIQYSPYYKLVRIQYWEKVTQRILGPRDDYEYNKTKGISKTDQVSMTETVSMSVGADFGFMFKGFSASLSAQITKELSVTKSTSTTEMTEETYKEKYTNPFNYELARAQYMLVNEFYVTRMDGTRITANWTLRDNTQTVTRIFPKS,350
7y79.B.pdb,195,QVPSPSIGTLPPAPDFKNDINEQLPDKTNPVITHFSTIPYIMANDATFNSHQQIQYSPYYKLVRIQYWEKVTQRILGPRDDYEYNKTKGISKTDQVSMTETVSMSVGADFGFMFKGFSASLSAQITKELSVTKSTSTTEMTEETYKEKYTNPFNYELARAQYMLVNEFYVTRMDGTRITANWTLRDNTQTVTRIF,toxin,2.32,2022-06-21,2022-08-31,x-ray diffraction,AHMFERVKTFQVPSPSIGTLPPAPDFKNDINEQLPDKTNPVITHFSTIPYIMANDATFNSHQQIQYSPYYKLVRIQYWEKVTQRILGPRDDYEYNKTKGISKTDQVSMTETVSMSVGADFGFMFKGFSASLSAQITKELSVTKSTSTTEMTEETYKEKYTNPFNYELARAQYMLVNEFYVTRMDGTRITANWTLRDNTQTVTRIFPKS,208
7ymo.A.pdb,206,DPMQGFILHTQKVKDEDLIVYILSSKMLIKAYRFYGLRHSSILSGYKIDFALEENPSFLPRLKDVLHLGFLWIMQRDKMLIWQEFIRLLYRHLKDVEELDSFYFDLLDECVKRFEKQNPKRVIVDAYLKILEFEGRLHKDFFCFACDEKIQNSITLLRAFLPSHSQCALGFEFEEKKLKQFYSSKNCAIFDDEEIENLYHLIKEGL,recombination,1.8,2022-07-29,2022-08-31,x-ray diffraction,GSAKDPMQGFILHTQKVKDEDLIVYILSSKMLIKAYRFYGLRHSSILSGYKIDFALEENPSFLPRLKDVLHLGFLWIMQRDKMLIWQEFIRLLYRHLKDVEELDSFYFDLLDECVKRFEKQNPKRVIVDAYLKILEFEGRLHKDFFCFACDEKIQNSITLLRAFLPSHSQCALGFEFEEKKLKQFYSSKNCAIFDDEEIENLYHLIKEGL,210
7zk1.A.pdb,243,SWNSIPLEISYEIVGWIAFASWSISFYPQLILNFRRRSVVGLNFDFVMLNLTKHSSYMIYNVCLYFSPVIQKQYFDTYGDKEMIPVAANDVAFSIHAVVMTAVTLFQIFIYERGPQKVSRLAIGIVVVVWGFAAICFFIALPTHSWLWLISIFNSIQVFMTCVKYIPQAKMNFTRKSTVGWSIGNILLDFTGGLANYLQMVIQSIDQNSWKNFYGNMGKTLLSLISIFFDILFMFQHYVLYPE,membrane protein,2.65,2022-04-12,2022-08-31,x-ray diffraction,MASWNSIPLEISYEIVGWIAFASWSISFYPQLILNFRRRSVVGLNFDFVMLNLTKHSSYMIYNVCLYFSPVIQKQYFDTYGDKEMIPVAANDVAFSIHAVVMTAVTLFQIFIYERGPQKVSRLAIGIVVVVWGFAAICFFIALPTHSWLWLISIFNSIQVFMTCVKYIPQAKMNFTRKSTVGWSIGNILLDFTGGLANYLQMVIQSIDQNSWKNFYGNMGKTLLSLISIFFDILFMFQHYVLYPEKKVSKSPETGEESNEPLIDSSHEHVGENLYFQ,277
8ajp.A.pdb,199,VPDFETRDPNSPAFWDERFERRFTPWDQAGVPAAFQSFAARHSGAAVLIPGCGSAYEAVWLAGQGNPVRAIDFSPAAVAAAHEQLGAQHAQLVEQADFFTYEPPFTPAWIYERAFLCALPLARRADYAHRMADLLPGGALLAGFFFLGATPKGPPFGIERAELDALLTPYFDLIEDEAVHDSIAVFAGRERWLTWRRRA,transferase,1.8,2022-07-28,2022-08-31,x-ray diffraction,MSDPTQPAVPDFETRDPNSPAFWDERFERRFTPWDQAGVPAAFQSFAARHSGAAVLIPGCGSAYEAVWLAGQGNPVRAIDFSPAAVAAAHEQLGAQHAQLVEQADFFTYEPPFTPAWIYERAFLCALPLARRADYAHRMADLLPGGALLAGFFFLGATPKGPPFGIERAELDALLTPYFDLIEDEAVHDSIAVFAGRERWLTWRRRA,207
8cxl.A.pdb,471,APAQQIPFDFDNGNFIRDLITTHGGGGYPPADAMAPGDVSSYTWVTHLLQTSWFDALAPYHPTAVGVYSRIPRRPAEESATNRNKNIAGLYAMFQVVKAAFTERVPVLRQALGALGLDPDDESQDLSTAVGIGNTAGKAVAAARMGDGMNALGGKDRTHNGQPYEDYTGYRPVNTADELVDPSRWQPAVEPHRRRTDGGPGDKGIFTAQRFATPQLGLVAPQTYRDPARFKLAAPDHLDHNDAGAYRQAVDEVLAASAGLTDEQKVKAEFFEHTPLSVTLSPRAAAMAHDLDLDGWAQLFLVCSTARFDSLIAAWHHKRAYDTVRPFSAVRHVYGSKPVTAWGGPGKGTVESIPADEWTGYLPVGNHPEYPSGFTTLIAAQAQAARSFLGDDVLNWTHAFPAGSGQREPGAVPASDLELTWATWTDFENDCATSRVWAGAFTKTAETSLAFGTQFGDLAHTFVQRHINGDV,biosynthetic protein,1.98,2022-05-21,2022-08-31,x-ray diffraction,VTTSAPAQQIPFDFDNGNFIRDLITTHGGGGYPPADAMAPGDVSSYTWVTHLLQTSWFDALAPYHPTAVGVYSRIPRRPAEESATNRNKNIAGLYAMFQVVKAAFTERVPVLRQALGALGLDPDDESQDLSTAVGIGNTAGKAVAAARMGDGMNALGGKDRTHNGQPYEDYTGYRPVNTADELVDPSRWQPAVEPHRRRTDGGPGDKGIFTAQRFATPQLGLVAPQTYRDPARFKLAAPDHLDHNDAGAYRQAVDEVLAASAGLTDEQKVKAEFFEHTPLSVTLSPRAAAMAHDLDLDGWAQLFLVCSTARFDSLIAAWHHKRAYDTVRPFSAVRHVYGSKPVTAWGGPGKGTVESIPADEWTGYLPVGNHPEYPSGFTTLIAAQAQAARSFLGDDVLNWTHAFPAGSGQREPGAVPASDLELTWATWTDFENDCATSRVWAGAHFTKTAETSLAFGTQFGDLAHTFVQRHINGDVKD,478
7eoz.A.pdb,482,GGIGIAEFLGGKNFLITGGTGFLAKVLIEKILRTNPDVGKIYVLIKAKDGDAALKRLHNEVVDTELFSRLQEIHGKDYHSFAARKLVPVVGDVREANVGIAPELAGVIADEVDIIVNSAANTTFDERYDVAMDINTVGPFRIMSFAQRFRRLKLFLQVSTAYVNGQRQGVVLEKPFRLGDTIAKQHKNTMLDIEAEIKLAFDHRRHGDDSASFSEEMKELGLERAKLHGWQDTYVFTKAMGEMVINSMRGDIPVVTIRPSVIESTWRDPFPGWMEGNRMMDPVVLYYGKGQLSGFLADPEGVLDVVPADMVVNATLASMAKHGRGGAAAAAAAAEGMHVYHVASSTVNPLAFGDLSRFLFQHFTGSPYSDAAGRPIHVPPMRLFDTMEQFASYVETDALLRAGRLAGAELCAKSVEQTIYLGSIYQPYTFYGGRFDNGNTEALIGEMSEEEKARFHFDVRSIEWTDYITNVHIPGLRKHVMK,oxidoreductase,3.4,2021-04-24,2022-08-24,x-ray diffraction,EGHAGGIGIAEFLGGKNFLITGGTGFLAKVLIEKILRTNPDVGKIYVLIKAKDGDAALKRLHNEVVDTELFSRLQEIHGKDYHSFAARKLVPVVGDVREANVGIAPELAGVIADEVDIIVNSAANTTFDERYDVAMDINTVGPFRIMSFAQRFRRLKLFLQVSTAYVNGQRQGVVLEKPFRLGDTIAKELGSPDSSQHKNTMLDIEAEIKLAFDHRRHGDDSASFSEEMKELGLERAKLHGWQDTYVFTKAMGEMVINSMRGDIPVVTIRPSVIESTWRDPFPGWMEGNRMMDPVVLYYGKGQLSGFLADPEGVLDVVPADMVVNATLASMAKHGRGGAAAAAAAAEGMHVYHVASSTVNPLAFGDLSRFLFQHFTGSPYSDAAGRPIHVPPMRLFDTMEQFASYVETDALLRAGRLAGAGAGAGDERVSQRLRELCAKSVEQTIYLGSIYQPYTFYGGRFDNGNTEALIGEMSEEEKARFHFDVRSIEWTDYITNVHIPGLRKHVMKGRGVGGGSGASSSSNASLLAGASV,532
7qpe.A.pdb,429,SNAIESRRAVVRAWGNQSIEEADPEIHEFMEKEKQRQFRGIELIASENFVCRAVMEALGSHLTNKYSEGMPGARYYTGNQYIDQIEILCQERALAAFGLNHEKWGVNVQPYSCTSANFAVFTGLLMPGERIMGLDSPKVSGASIFFESFPYKVDPRTGYIDYDKLEEKALDYRPKILICGGSSYPRDWEFPRFRHIADKCGAVLMFDMAQISGLVAAKESPNPFDYCDIVTSTTHKSLRGPRGGIIFYKRGLKPIQYDFEEKINFSVFPSLQGGPHNNHIAALAIALKQAASPEYKLYMRQVKKNAKALASALISRKCKLITGGTDNHLLLWDLTPLGLTGKVYEKVCEMCHITVNKVAIFSENGVISPGGVRIGSPAMTSRGCLEPEFETMADFLYRAAQIASAAKEIADLRNQVEAFATQFAMPAFD,transferase,2.18,2022-01-04,2022-08-24,x-ray diffraction,SNAIESRRAVVRAWGNQSIEEADPEIHEFMEKEKQRQFRGIELIASENFVCRAVMEALGSHLTNKYSEGMPGARYYTGNQYIDQIEILCQERALAAFGLNHEKWGVNVQPYSCTSANFAVFTGLLMPGERIMGLDSPSGGHMSHGYYTPGGKKVSGASIFFESFPYKVDPRTGYIDYDKLEEKALDYRPKILICGGSSYPRDWEFPRFRHIADKCGAVLMFDMAQISGLVAAKESPNPFDYCDIVTSTTHKSLRGPRGGIIFYKRGLKPKKQSINLNHCESNIQYDFEEKINFSVFPSLQGGPHNNHIAALAIALKQAASPEYKLYMRQVKKNAKALASALISRKCKLITGGTDNHLLLWDLTPLGLTGKVYEKVCEMCHITVNKVAIFSENGVISPGGVRIGSPAMTSRGCLEPEFETMADFLYRAAQIASAAQREHGKLQKEPLKSIYHCKEIADLRNQVEAFATQFAMPAFDM,476
7rup.A.pdb,62,QKWYYKDPQGEIQGPFNNQEMAEWFQAGYFTMSLLVKRADESFQPLGDIMKMWGRVPFSPGP,gene regulation,1.23,2021-08-18,2022-08-24,x-ray diffraction,GPLEMHEAMQKWYYKDPQGEIQGPFNNQEMAEWFQAGYFTMSLLVKRACDESFQPLGDIMKMWGRVPFSPGPA,73
7ruq.A.pdb,62,ARKWFYKDPQGEIQGPFTTQEMAEWFQAGYFSMSLLVKRGDEGFQPLGEVIKMWGRVPFAPG,gene regulation,1.79,2021-08-18,2022-08-24,x-ray diffraction,GPLESHGAARKWFYKDPQGEIQGPFTTQEMAEWFQAGYFSMSLLVKRGCDEGFQPLGEVIKMWGRVPFAPGPS,73
7s8k.B.pdb,278,FQGVIKIRYPDDGQWPEAPIDGDGDGNPEFYIEINPWNIQSAEGYAEMTYNLSTGVLHYVQALDDITLKNGGSWVHGYPEIFYGNKPWNNNYATDGEVPLPGKVSNLSNFYLSVSYKLLPKNGLPINFAIESWLTREPWRNSGINSDEQELMIWLYYDGLQPAGSKVKEIIVPIVVNGTPVNATFEVWKANIGWEYIAFRIKTPIKEGTVTIPYGAFISAAANVTSLANYTELYLEDVEVGTEYGTPSTTSAHLEWWFYNVSLEYRPGEPLLSQPPAE,hydrolase,2.55,2021-09-18,2022-08-24,x-ray diffraction,FQGVIKIRYPDDGQWPEAPIDGDGDGNPEFYIEINPWNIQSAEGYAEMTYNLSTGVLHYVQALDDITLKNGGSWVHGYPEIFYGNKPWNNNYATDGEVPLPGKVSNLSNFYLSVSYKLLPKNGLPINFAIESWLTREPWRNSGINSDEQELMIWLYYDGLQPAGSKVKEIIVPIVVNGTPVNATFEVWKANIGWEYIAFRIKTPIKEGTVTIPYGAFISAAANVTSLANYTELYLEDVEVGTEYGTPSTTSAHLEWWFYNVSLEYRPGEPLLSQPPAEGSAP,282
7spn.A.pdb,456,GMVTVNEVSDEARLRALVDRVTGLMTELGVPGVAVGILHGDREYTAGFGVTSLENPLPVTAGTLFQVGSITKTFTGTALMRLVEAGRIRLEDPVRKYLPDFRVKDASVSAAVTVRHLLTHTGGWVGDYFEDFGLGDDALARMVAAMADLPQITPPDTVWAYNNAGFYVAGRIVEVVTGKPYESALRELVLDPLDLEHAYFFAHDVISYRFAVGHLTGEAGPFVARPWALPRCANPVGGLITSVRELFKYARFHLGSGPNILSAEARRLMQTPAGAADAGRLMGITWFIQPVDGDIRLVGHGGGTNGQITLFNFVPGRNFAVCVLTNSDRGGAINAEVTRWAVESFLGAAWPEPEIYSLPPERLATWAGRYEGVLSDIELVLEGDWLVLKQTPKGGFPRKDSPPRPAPPPSRLGFYAPDRVVALDLPLKGSRGEFLRGPDGSIAWFRFGGRLFRPGQ,hydrolase,2.92,2021-11-02,2022-08-24,x-ray diffraction,GMVTVNEVSDEARLRALVDRVTGLMTELGVPGVAVGILHGDREYTAGFGVTSLENPLPVTAGTLFQVGSITKTFTGTALMRLVEAGRIRLEDPVRKYLPDFRVKDASVSAAVTVRHLLTHTGGWVGDYFEDFGLGDDALARMVAAMADLPQITPPDTVWAYNNAGFYVAGRIVEVVTGKPYESALRELVLDPLDLEHAYFFAHDVISYRFAVGHLTGEAGPFVARPWALPRCANPVGGLITSVRELFKYARFHLGSGPNILSAEARRLMQTPAGAADAGRLMGITWFIQPVDGDIRLVGHGGGTNGQITLFNFVPGRNFAVCVLTNSDRGGAINAEVTRWAVESFLGAAWPEPEIYSLPPERLATWAGRYEGVLSDIELVLEGDWLVLKQTPKGGFPRKDSPPRPAPPPSRLGFYAPDRVVALDLPLKGSRGEFLRGPDGSIAWFRFGGRLFRPGQ,456
7u04.H.pdb,227,VQLLESGAEVKKPGASVRVSCEASGYTFTKYFIHWVRQAPGHGLEWIGWINTLTSGVNYARNFQGRLTLTRDLSTETVYMDLRNLKSDDTAVYYCARGGRGYDEPWGAYTWLDPWGQGSLVTVSSASTKGPSVFPLAPSSKSTSGGTAALGCLVKDYFPEPVTVSWNSGALTSGVHTFPAVLQSSGLYSLSSVVTVPSSSLGTQTYICNVNHKPSNTKVDKRVEPKS,immune system,2.31,2022-02-17,2022-08-24,x-ray diffraction,QVQLLESGAEVKKPGASVRVSCEASGYTFTKYFIHWVRQAPGHGLEWIGWINTLTSGVNYARNFQGRLTLTRDLSTETVYMDLRNLKSDDTAVYYCARGGRGYDEPWGAYTWLDPWGQGSLVTVSSASTKGPSVFPLAPSSKSTSGGTAALGCLVKDYFPEPVTVSWNSGALTSGVHTFPAVLQSSGLYSLSSVVTVPSSSLGTQTYICNVNHKPSNTKVDKRVEPKSCD,230
7v5f.A.pdb,31,ADCTEYCSNSCPFCNGQPLYQLCCINNCCPS,plant protein,,2021-08-17,2022-08-24,solution nmr,ADCTEYCSNSCPFCNGQPLYQLCCINNCCPS,31
7v8t.A.pdb,253,DLPVNRFKQRLRSGEAQIGLWLGLADPYCAELAANAGFDWLLLDGEHAPNDLRSLLGQLQALAPYPGQPVIRPVQGDTALIKQLLDIGAQTLLVPMVDSAAQAEGLVRAVRYPPAGVRGVGSALARASRWNSVAEYLNHADEQMCLLVQVENLEGLANLDAIAAVEGVDGVFIGPADLSAAMGHRGNPGHPEVQAAIEDAIHRIRTAGKAAGILSADETLARRYLELGCAFVAVGVDTSLLMRSLRELAGRFK,lyase,2.48,2021-08-23,2022-08-24,x-ray diffraction,MDLPVNRFKQRLRSGEAQIGLWLGLADPYCAELAANAGFDWLLLDGEHAPNDLRSLLGQLQALAPYPGQPVIRPVQGDTALIKQLLDIGAQTLLVPMVDSAAQAEGLVRAVRYPPAGVRGVGSALARASRWNSVAEYLNHADEQMCLLVQVENLEGLANLDAIAAVEGVDGVFIGPADLSAAMGHRGNPGHPEVQAAIEDAIHRIRTAGKAAGILSADETLARRYLELGCAFVAVGVDTSLLMRSLRELAGRFKGGAPAPSASSSVYG,268
7vpu.A.pdb,275,LNLIDLKLFHHYCTEVWPTITSAGISGERIWSDEIPQLAFDYPFLMHALLAFSATHLARKEPGLEQYVASHRLDALRLLRKAVLEISEDNTDALVASALILIMDSLANASPSAWIFHVKGAATILTAVWPLTEKSRFHNLISVDLSDLGGTVSELVCFDESIADLYPVEIDSPYLITLAYLDKLHREKNQSDFILRVFAFPALLDKTFLALLMTGDLGAMRIMRCYYQLLRGFATEVKDKVWFLEGITQVLPQDVDDYSGGGMHMMLDFLGGGLP,transcription,2.59,2021-10-18,2022-08-24,x-ray diffraction,MSYYHHHHHHDYDIPTLVPRGSAMGSSNQGTLNLIDLKLFHHYCTEVWPTITSAGISGERIWSDEIPQLAFDYPFLMHALLAFSATHLARKEPGLEQYVASHRLDALRLLRKAVLEISEDNTDALVASALILIMDSLANASSVDSPSAWIFHVKGAATILTAVWPLTEKSRFHNLISVDLSDLGDIINQDSGTVSELVCFDESIADLYPVEIDSPYLITLAYLDKLHREKNQSDFILRVFAFPALLDKTFLALLMTGDLGAMRIMRCYYQLLRGFATEVKDKVWFLEGITQVLPQDVDDYSGGGMHMMLDFLGGGLPSMTTTNLQPGLSDFM,332
7vyu.A.pdb,338,NLYLAGIGSHLPPLFPAERAVAEGLYDEEARQSSGMRSAAVSASTPAPQMAIDAARAALESSGHDADDIGILLHSYTHHQGPDGWSAVHYILNNTVDRPVPAVEIKQGCLGMLASLDVAAARLIANPTHDAALITTGDNYSTPGVERWRASGLFVLADAGSAVVLSRRGGFAELLALDSLSDSSMEILHRAGEELFPPGVTRGRGLNFAERAEKVREQWAAGQAPPIKNFGDRVAEVTERVLKQADVSWDQIAKVCHVGFGRPALEAMFLLPLDVPEEKTVWEYANTIGHTGAADLFLGLEHVWRTGQVGPGDHVLLIGASTGMEAGAAVVRIAEAAP,transferase,1.8,2021-11-15,2022-08-24,x-ray diffraction,HHHHHHMRTANLYLAGIGSHLPPLFPAERAVAEGLYDEEARQSSGMRSAAVSASTPAPQMAIDAARAALESSGHDADDIGILLHSYTHHQGPDGWSAVHYILNNTVDRPVPAVEIKQGCLGMLASLDVAAARLIANPTHDAALITTGDNYSTPGVERWRASGLFVLADAGSAVVLSRRGGFAELLALDSLSDSSMEILHRAGEELFPPGVTRGRGLNFAERAEKVREQWAAGQAPPIKNFGDRVAEVTERVLKQADVSWDQIAKVCHVGFGRPALEAMFLLPLDVPEEKTVWEYANTIGHTGAADLFLGLEHVWRTGQVGPGDHVLLIGASTGMEAGAAVVRIAEAAPGSQGGGDA,356
7n6h.A.pdb,433,ASTVTVDWDTTYQTIDGFGVSEAFHQSNNIARLGETKQNEIYDLLFSTTDGAGFSIFRSILGDGGTWGNADDGPNKTMQPAEDVWDWNESNDDQIPMIRAIQSKYGVDQILYTVWSPPAWMKTNGSVVGGSLRTDKYQAYATYLAEHIKNYKSKFGIEITHIGIQNEPNLETSYSSCRWSPEELRIFMRDYLVPTFDKENITAKVVFAENMSFNEQYAINSLNDPIAVKRVDIVGAHNYGSSYIPFTTTKSKGKGIWMTEVSDMNGNDTTINDGLRWAKEIHDFMTITEGNAWFYWWGACFKTYNGEGLIQMDLNSKTYKVAKRLYTIGQFSRFIRPGWQRIEATKNPVSNVYVTAYKDPKTGKFAIVAINNGWSKQSITYTLKGFSPASVTPYTTSSTQNLEKGSDITVNNSSFSFELAPNSITTFVGDTES,hydrolase,1.28,2021-06-08,2022-08-17,x-ray diffraction,MASTVTVDWDTTYQTIDGFGVSEAFHQSNNIARLGETKQNEIYDLLFSTTDGAGFSIFRSILGDGGTWGNADDGPNKTMQPAEDVWDWNESNDDQIPMIRAIQSKYGVDQILYTVWSPPAWMKTNGSVVGGSLRTDKYQAYATYLAEHIKNYKSKFGIEITHIGIQNEPNLETSYSSCRWSPEELRIFMRDYLVPTFDKENITAKVVFAENMSFNEQYAINSLNDPIAVKRVDIVGAHNYGSSYIPFTTTKSKGKGIWMTEVSDMNGNDTTINDGLRWAKEIHDFMTITEGNAWFYWWGACFKTYNGEGLIQMDLNSKTYKVAKRLYTIGQFSRFIRPGWQRIEATKNPVSNVYVTAYKDPKTGKFAIVAINNGWSKQSITYTLKGFSPASVTPYTTSSTQNLEKGSDITVNNSSFSFELAPNSITTFVGDTESASLEHHHHHH,444
7pcv.A.pdb,116,RESKTIMLRGLPTTITESDIREMMESFEGPQPADVRLMKRKTGVSRGFAFVEFYHLQDATSWMEANQKKLVIQGKHIAMHYSNPRPKFEDWLCNKCCLNNFRKRLKCFRCGADKFD,rna binding protein,2.42,2021-08-04,2022-08-17,x-ray diffraction,MGERESKTIMLRGLPTTITESDIREMMESFEGPQPADVRLMKRKTGVSRGFAFVEFYHLQDATSWMEANQKKLVIQGKHIAMHYSNPRPKFEDWLCNKCCLNNFRKRLKCFRCGADKFD,119
7rt7.D.pdb,144,MKTIYNFKQRIKEDPEYIRKAHELTLNTTKPKAGLKGTYGLLGSKEWWDNLENGSIPQKEISGTIKKVYLTGQDNTEDFNTIDIETENKTLCTEGTYTNKNTDRKHYEAGKKITIKYAFDPLKKPKPNGDIDYSKIVVEILISE,toxin/antitoxin,2.49,2021-08-12,2022-08-17,x-ray diffraction,MKTIYNFKQRIKEDPEYIRKAHELTLNTTKPKAGLKGTYGLLGSKEWWDNLENGSIPQKEISGTIKKVYLTGQDNTEDFNTIDIETENKTLCTEGTYTNKNTDRKHYEAGKKITIKYAFDPLKKPKPNGDIDYSKIVVEILISE,144
7sfn.B.pdb,153,AEQEFTRPPAPEKMRDLDFLLGDFRAEWTNFTADPATTGTAAWNTASTFHGHAYEMTQRVEAHDLTGRFVVQWVESESSFSGYYYDDWGNRTLLTSEGWQDGYLAFTGECFGSFLLKEQYEIVDEKHYVKRGFIKFDEGDWIPADEVHCHREA,hydrolase,2.1,2021-10-04,2022-08-17,x-ray diffraction,MGSSHHHHHHSSGLVPRGSHMMSVSEKEAETSAEQEFTRPPAPEKMRDLDFLLGDFRAEWTNFTADPATTGTAAWNTASTFHGHAYEMTQRVEAHDLTGRFVVQWVESESSFSGYYYDDWGNRTLLTSEGWQDGYLAFTGECFGFGKSFLLKEQYEIVDEKHYVKRGFIKFDEGDWIPADEVHCHREA,188
7upv.A.pdb,440,MLFPDDYTKTPYIPVYASLPMGIINSHCQLVDPESVRAELRQLKSLNVDGVVVDCWWGIVEAWTPRKYEWSGYRDLFGIIKEFKLKVQVVLSFHGSGETGSGDVLISLPKWIMEIAKENQDIFFTDREGRRNTECLSWGIDKERVLRGRTGIEVCFDFMRSFHMEFRNLSEEGLVSSIEIGLGASGELRYPSCPETMGWKYPGIGEFQCYDRYMQKNLRQSALSRGHLFWARGPDNAGYYNSRPHETGFFCDGGDYDSYYGRFFLNWYSGVLMDHVDQVLSLATLAFDGAEIVVKVPSIYWWYRTASHAAELTAGFYNTTNRDGYSPVFRMLKKHSVILKLVCYGPEYTVHEKDDDEAFADPEGLTWQVINAAWDQGLPLCIESALPCRNGEAYSRILDTAKPRDDPDRHHAASFAYRREACLSELCTFVKCMHGEAPQN,hydrolase,1.84,2022-04-18,2022-08-17,x-ray diffraction,MLFPDDYTKTPYIPVYASLPMGIINSHCQLVDPESVRAELRQLKSLNVDGVVVDCWWGIVEAWTPRKYEWSGYRDLFGIIKEFKLKVQVVLSFHGSGETGSGDVLISLPKWIMEIAKENQDIFFTDREGRRNTECLSWGIDKERVLRGRTGIEVCFDFMRSFHMEFRNLSEEGLVSSIEIGLGASGELRYPSCPETMGWKYPGIGEFQCYDRYMQKNLRQSALSRGHLFWARGPDNAGYYNSRPHETGFFCDGGDYDSYYGRFFLNWYSGVLMDHVDQVLSLATLAFDGAEIVVKVPSIYWWYRTASHAAELTAGFYNTTNRDGYSPVFRMLKKHSVILKLVCYGPEYTVHEKDDDEAFADPEGLTWQVINAAWDQGLPLCIESALPCRNGEAYSRILDTAKPRDDPDRHHAASFAYRQQQQPPLREACLSELCTFVKCMHGEAPQNGEG,450
7vf3.B.pdb,15,CNSNVLSWQTYSWYC,signaling protein,2.29,2021-09-10,2022-08-17,x-ray diffraction,SEICPSFQRVIETLLMDTPSSYEAAMELFSPDQDMREAGAQLKKLVDTLPQKPRESIIKLMEKIAQSSLSGCNSNVLSWQTYSWYCGSPSFQRVIETLLMDTPSSYEAAMELFSPDQDMREAGAQLKKLVDTLPQKPRESIIKLMEKIAQSSLCN,155
7w16.A.pdb,264,DKAAPADYEQFQDVLKVSKLQASDPEGKSGNKSEYALNGEFDGLVLDSFYVDKASEALVFKMPGYKNASEVRIYKNFNVGEADKYYHLGAEIKPINPRASVANTDKAKNDAITYLQVHNAGSVSADFPDGVSGEGYIPHPLVRVVYEAERSGKNDWYWAVIKNNAVNCGSKSGNKGTEECKNAYLKLPIAPIAKEGTDKFDIYVGGNKLIINHNDKTAINHDITYWNEKKSYFKAGVYNQFKNGESEAHFYKLTYSVESEPVIR,lyase,1.9,2021-11-19,2022-08-17,x-ray diffraction,MGSSHHHHHHSSGLVPRGSHMASMTGGQQMGRGSMANASDKAAPADYEQFQDVLKVSKLQASDPEGKSGNKSEYALNGEFDGLVLDSFYVDKASEALVFKMPGYKNASEVRIYKNFNVGEADKYYHLGAEIKPINPRASVANTDKAKNDAITYLQVHNAGSVSADFPDGVSGEGYIPHPLVRVVYEAERSGKNDWYWAVIKNNAVNCGSKSGNKGTEECKNAYLKLPIAPIAKEGTDKFDIYVGGNKLIINHNDKTAINHDITYWNEKKSYFKAGVYNQFKNGESEAHFYKLTYSVESEPVIR,303
7w89.A.pdb,123,ALPTVLALDVSKSRIGFAVSAGRLAFGRGSVDRKRLPLDLKAVRLKVEETGAERLVLGLPLRTDGKPSPTADRVRAFGRVLMDKGYTVEYQDERFTTQRARALGAADEDEAAAVQILELWLMR,hydrolase,1.5,2021-12-07,2022-08-17,x-ray diffraction,MLARMSGPDPAPAALPTVLALDVSKSRIGFAVSAGRLAFGRGSVDRKRLPLDLKAVRLKVEETGAERLVLGLPLRTDGKPSPTADRVRAFGRVLMDKGYTVEYQDERFTTQRARALGAADEDEAAAVQILELWLMR,136
7x8c.B.pdb,70,MNRENVRSSDLKSVGYDSENKILEVEFNSGGIYQYSTVPEEIYSKLMSSSSHGKYFHKMIRDKYPTKKVK,dna binding protein,2.73,2022-03-12,2022-08-17,x-ray diffraction,MNRENVRSSDLKSVGYDSENKILEVEFNSGGIYQYSTVPEEIYSKLMSSSSHGKYFHKMIRDKYPTKKVK,70
7y9b.A.pdb,187,VLRLVKDWNFTWSVVFLLITIVLQYGYPSRSMFVYVIKMFVLWLLWPASMALSIFCAVYPIDLASQIISGILAATSCAMWISYFVQSIRLFMRTGSWWSFNPESNCLLNVPIGGTTVVRPLVEDSTSVTAVVTDGYLKMAGMHFGACDFQRLPSEVTVAKPNVLIALKMIKRQAYGTNSGVAIYHRY,membrane protein,3.21,2022-06-24,2022-08-17,x-ray diffraction,MASSNVTLSNDEVLRLVKDWNFTWSVVFLLITIVLQYGYPSRSMFVYVIKMFVLWLLWPASMALSIFCAVYPIDLASQIISGILAATSCAMWISYFVQSIRLFMRTGSWWSFNPESNCLLNVPIGGTTVVRPLVEDSTSVTAVVTDGYLKMAGMHFGACDFQRLPSEVTVAKPNVLIALKMIKRQAYGTNSGVAIYHRYKAGNYRRPPIIQDQELALLRA,220
7zc8.A.pdb,87,RALHRRVNYPSRAKALGVEGKVRVKFDITGSGTVTNVQVLSETPDGVFGDDVVKDMARWRYRTEAPVENQVVSIVFKLNGHIRVDDQ,protein transport,2.08,2022-03-25,2022-08-17,x-ray diffraction,RALHRRVNYPSRAKALGVEGKVRVKFDITGSGTVTNVQVLSETPDGVFGDDVVKDMARWRYRTEAPVENQVVSIVFKLNGHIRVDDQ,87
8ag9.A.pdb,335,EVFKGHNLPRLRGAMIGPHVTNADLLEFGNVWKANHIRWQLIWNGFPHSPADSATLDEYRQWLDGALKRLEAALPVCREAGILVTVDLHTPPGGRNEASECRIFHDREFQKAFIDIWEDIARRFADSDVVWGYDLVNEPVEGMVPDGLMNWQRLAEETARRVRAIDQKHAIIIEPAPWGSPSSIALLDPIDVPGVVYSVHMYVPHAFTHQGVYDNPVGIVYPGTIDGKWYDRNTLRKVLEPVRRFQEENGVHIYIGEFSAIRWAPADSACQYLKDCIEIFEEYGWDWAYHAFREWDGWSVEHGPDRNDRNRTATPTDRALLLRSWYAENVKPQFS,hydrolase,1.56,2022-07-19,2022-08-17,x-ray diffraction,QEPVTVLRWDFEEIVGEQNVQALPAEWIASSKEGIAVERTEQGGRCLHVWVDAATGPGSRNIRYRLPVDKLRGQRVRVNALVRAKGVSQPPKPWNGIKCMLRIESGGEIQWPQQNLPGGDFDWRPIQFVVAVPDDCQQVDLIVGLENVTGDAWFDNIAVEVIPKKKLSSNHKEVFKGHNLPRLRGAMIGPHVTNADLLEFGNVWKANHIRWQLIWNGFPHSPADSATLDEYRQWLDGALKRLEAALPVCREAGILVTVDLHTPPGGRNEASECRIFHDREFQKAFIDIWEDIARRFADSDVVWGYDLVNEPVEGMVPDGLMNWQRLAEETARRVRAIDQKHAIIIEPAPWGSPSSIALLDPIDVPGVVYSVHMYVPHAFTHQGVYDNPVGIVYPGTIDGKWYDRNTLRKVLEPVRRFQEENGVHIYIGEFSAIRWAPADSACQYLKDCIEIFEEYGWDWAYHAFREWDGWSVEHGPDRNDRNRTATPTDRALLLRSWYAENVKPQFSDKKKD,512
8dgg.A.pdb,354,LPVVWAQEGAPVHLPCSLKSPNFLRRGGVIWQHQPDYTVLSVAPGGLRSGRQPLHPHVQLEERGLQRGDFSLWLRPALRTDAGEYHATVRLPNRALSCSLRLRVGQASMIASPSGVLKLSDWVLLNCSFSRPDRPVSVHWFQGQNRVPVYNSPRHFLAETFLLLPQVSPLDSGTWGCVLTYRDGFNVSITYNLKVLPLTVYAAEGSRVELPCHLPPGVGTPSLLIAKWTPPGGGPELPVAGKSGNFTLHLEAVGLAQAGTYTCSIHLQGQQLNATVTLAVITVTPKSFGLPGSRGKLLCEVTPASGKERFVWRPLNNLSRSCPGPVLEIQEARLLAERWQCQLYEGQRLLGATV,immune system,3.78,2022-06-23,2022-08-17,x-ray diffraction,GPGKELPVVWAQEGAPVHLPCSLKSPNLDPNFLRRGGVIWQHQPDSGQPTPIPALDLHQGMPSPRQPAPGRYTVLSVAPGGLRSGRQPLHPHVQLEERGLQRGDFSLWLRPALRTDAGEYHATVRLPNRALSCSLRLRVGQASMIASPSGVLKLSDWVLLNCSFSRPDRPVSVHWFQGQNRVPVYNSPRHFLAETFLLLPQVSPLDSGTWGCVLTYRDGFNVSITYNLKVLGLEPVAPLTVYAAEGSRVELPCHLPPGVGTPSLLIAKWTPPGGGPELPVAGKSGNFTLHLEAVGLAQAGTYTCSIHLQGQQLNATVTLAVITVTPKSFGLPGSRGKLLCEVTPASGKERFVWRPLNNLSRSCPGPVLEIQEARLLAERWQCQLYEGQRLLGATVYAAESSSGAHSARRISGDLKGGHLHHHHHH,425
8di0.C.pdb,463,RPNIIYIFPDQMRNSAMGFWNDPAFASHLQGKADPVETPNLNRFARESVVFSSAMSNCPLSSPHRASLLTGMYPHRSGVPLNVNSRRPFSTLRNDATTVSDVFSRNGYDCAYIGKYHLDTPTNYVENRDLVWDAYTPPERRHGFNFWYSYGTPHYWDTDGKRHDINQWSPSHETDMAISYLKNEFGRRDVSKPFFLMISMNPPHHPYNSFNDCMEEDYTHYKDRTLSELLVRHNADTTMEKSSSAAYYFAQITGVDREFGRLLEALDELGLSKNTMVVFSSDHGETMCSHGLQDAKNSPYIESMNVPFLIRYPQRLKPKVVDYLLSSPDIMPTLLGLSNLGQHIPHEVQGTDFSKALFSPLPDAALYIRNMDGRQDQDGKVRTYVPVARGIKTHRYTLSLTVDKENKQLKEILLFDDLDDPYQMNNIDWNTRPQLKRQLLIQLGQLLKKYDDPWYKDGILKDL,lyase,2.85,2022-06-28,2022-08-17,x-ray diffraction,MKASKLSCLGLIGVIPACIHAQEHRADDTLRPNIIYIFPDQMRNSAMGFWNDPAFASHLQGKADPVETPNLNRFARESVVFSSAMSNCPLSSPHRASLLTGMYPHRSGVPLNVNSRRPFSTLRNDATTVSDVFSRNGYDCAYIGKYHLDTPTPNDPENPGNYVENRDLVWDAYTPPERRHGFNFWYSYGTFDVHKHPHYWDTDGKRHDINQWSPSHETDMAISYLKNEFGRRDVSKPFFLMISMNPPHHPYNSFNDCMEEDYTHYKDRTLSELLVRHNADTTMEKSSSAAYYFAQITGVDREFGRLLEALDELGLSKNTMVVFSSDHGETMCSHGLQDAKNSPYIESMNVPFLIRYPQRLKPKVVDYLLSSPDIMPTLLGLSNLGQHIPHEVQGTDFSKALFSNQPDKPLPDAALYIRNMDGRQDQDGKVRTYVPVARGIKTHRYTLSLTVDKENKQLKEILLFDDLDDPYQMNNIDWNTRPQLKRQLLIQLGQLLKKYDDPWYKDGILKDLIMYE,516
8di1.A.pdb,220,ARFDKKETIRTMTDTGLVPVFCSCDVEVAKQVIRACYNGGVRVFEFTNREEAAHEVFGAVSRWIVEACPEMILGVGSIVDAPTASLYLQSGANFVVGPLTNPDIAKVCNRRLVPYIPGCGSVSEVGYAQELGCDICKVFPGDVLGPGFVKALKAPMPWSQVMVTGGVKPKEANLKAWFDAGATCVGMGSNLFPPEAIASGNWEKITDICAQALGVIREVR,lyase,2.2,2022-06-28,2022-08-17,x-ray diffraction,MINMARFDKKETIRTMTDTGLVPVFCSCDVEVAKQVIRACYNGGVRVFEFTNREEAAHEVFGAVSRWIVEACPEMILGVGSIVDAPTASLYLQSGANFVVGPLTNPDIAKVCNRRLVPYIPGCGSVSEVGYAQELGCDICKVFPGDVLGPGFVKALKAPMPWSQVMVTGGVKPKEANLKAWFDAGATCVGMGSNLFPPEAIASGNWEKITDICAQALGVIREVRKE,226
8dys.A.pdb,409,STPLLTVRGSEGLYMVNGPPHFTESTVFPRESGKNCKVCIFSKDGTLFAWGNGEKVNIISVTNKGLLHSFDLLKAVCLEFSPKNTVLATWQPYTTGIPNLQLYDVKTGTCLKSFIQKKMQNWCPSWSEDETLCARNVNNEVHFFENNNFNTIANKLHLQKINDFVLSPGPQPYKVAVYVPGSKGAPSFVRLYQYPNFAGPHAALANKSFFKADKVTMLWNKKATAVLVIASTYGEQTLHYIATNGESAVVQLPKNGPIYDVVWNSSSTEFCAVYGFMPAKATIFNLKCDPVFDFGTGPRNAAYYSPHGHILVLAGFGNLRGQMEVWDVKNYKLISKPVASDSTYFAWCPDGEHILTATCAPRLRVNNGYKIWHYTGSILHKYDVPSNAELWQVSWQPFLDGIFPAKTIT,translation,1.8,2022-08-05,2022-08-17,x-ray diffraction,MHHHHHHSSGRENLYFQGMAPSTPLLTVRGSEGLYMVNGPPHFTESTVFPRESGKNCKVCIFSKDGTLFAWGNGEKVNIISVTNKGLLHSFDLLKAVCLEFSPKNTVLATWQPYTTSKDGTAGIPNLQLYDVKTGTCLKSFIQKKMQNWCPSWSEDETLCARNVNNEVHFFENNNFNTIANKLHLQKINDFVLSPGPQPYKVAVYVPGSKGAPSFVRLYQYPNFAGPHAALANKSFFKADKVTMLWNKKATAVLVIASTDVDKTGASYYGEQTLHYIATNGESAVVQLPKNGPIYDVVWNSSSTEFCAVYGFMPAKATIFNLKCDPVFDFGTGPRNAAYYSPHGHILVLAGFGNLRGQMEVWDVKNYKLISKPVASDSTYFAWCPDGEHILTATCAPRLRVNNGYKIWHYTGSILHKYDVPSNAELWQVSWQPFLDGIFPAKTITYQAVPSEVPNEEPKVATAYRPPALRNKPITNSKLHEEEPPQNMKPQSGNDKPLSKTALKNQRKHEAKKAAKQEARSDKSPDLAPTPAPQSTPRNTVSQSISGDPEIDKKIKNLKKKLKAIEQLKEQAATGKQLEKNQLEKIQKETALLQELEDLELGI,603
7fac.A.pdb,524,GFMGRIRSVYPVASPQECNNMHLSTLMKCNHCDEVSWQTCDFLKATCEHCGTENLVIEGPTTCGYLPTNAVVKMPCPACQDPEIGPEHSVADYHNHSNIETRLRKGGRTRCFGGCVFAYVGCYNKRAYWVPRASADIGSGHTGITGDNVETLNEDLLEILSRERVNINIVGDFHLNEEVAIILASFSASTSAFIDTIKSLDYKSFKTIVESCGNYKVTKGKPVKGAWNIGQQRSVLTPLCGFPSQAAGVIRSIFARTLDAANHSIPDLQRAAVTILDGISEQSLRLVDAMVYTSDLLTNSVIIMAYVTGGLVQQTSQWLSNLLGTTVEKLRPIFEWIEAKLSAGVEFLKDAWEILKFLITGVFDIVKGQIQVASDNIKDCVKCFIDVVNKALEMCIDQVTIAGAKLRSLNLGEVFIAQSKGLYRQCIRGKEQLQLLMPLKAPKEVTFLEGDSHDTVLTSEEVVLKNGELEALETPVDSFTNGAIVGTPVCVNGLMLLEIKDKEQYCALSPGLLATNNVFRLKGG,viral protein,2.71,2021-07-06,2022-08-10,x-ray diffraction,GSKTEGFMGRIRSVYPVASPQECNNMHLSTLMKCNHCDEVSWQTCDFLKATCEHCGTENLVIEGPTTCGYLPTNAVVKMPCPACQDPEIGPEHSVADYHNHSNIETRLRKGGRTRCFGGCVFAYVGCYNKRAYWVPRASADIGSGHTGITGDNVETLNEDLLEILSRERVNINIVGDFHLNEEVAIILASFSASTSAFIDTIKSLDYKSFKTIVESCGNYKVTKGKPVKGAWNIGQQRSVLTPLCGFPSQAAGVIRSIFARTLDAANHSIPDLQRAAVTILDGISEQSLRLVDAMVYTSDLLTNSVIIMAYVTGGLVQQTSQWLSNLLGTTVEKLRPIFEWIEAKLSAGVEFLKDAWEILKFLITGVFDIVKGQIQVASDNIKDCVKCFIDVVNKALEMCIDQVTIAGAKLRSLNLGEVFIAQSKGLYRQCIRGKEQLQLLMPLKAPKEVTFLEGDSHDTVLTSEEVVLKNGELEALETPVDSFTNGAIVGTPVCVNGLMLLEIKDKEQYCALSPGLLATNNVFRLKGG,529
7pc1.A.pdb,70,NETDALKDRIENIRPRTLAAKLRELPEIDRQVRAGVQHDDIVETLNANGFDVNLNTFRSYLYRYRKKARA,dna binding protein,1.9,2021-08-03,2022-08-10,x-ray diffraction,NETDALKDRIENIRPRMTLAAKLRELMPEIDRQVRAGVQHDDIVETLNANGFDVNLNTFRSYLYRYRKKARA,72
7pce.A.pdb,325,DLIYQDEHASLQPLEGRTVAVIGYGIQGRAFAANLRDSGVAVRVGNIDDRYFELARAEGHRVTNIAEAVAHADIVLLLIPDEAHGAVFDVDIAPNLRDGALLCVAHGHSLVQGDVRPLPGRDLAMLAPRMYGDPIRRYYLAGQGAPAYFDIVADHTGRARDRVLAIARAVGFTRAGVMALGYRQETFLDLFQEQFLAPALVDLVETGFQVLVERGFNPKAALLEVYGSGEMGKMMLDGADIGLDEVVALQGSPTCQVGYHRWRGRTLPTAVRELAARVLDQIEGGDFSAYLKEQASNDYASLDDARRAALKRPLNVAHAQVRAAF,lyase,2.9,2021-08-03,2022-08-10,x-ray diffraction,GSHMASNDLIYQDEHASLQPLEGRTVAVIGYGIQGRAFAANLRDSGVAVRVGNIDDRYFELARAEGHRVTNIAEAVAHADIVLLLIPDEAHGAVFDVDIAPNLRDGALLCVAHGHSLVQGDVRPLPGRDLAMLAPRMYGDPIRRYYLAGQGAPAYFDIVADHTGRARDRVLAIARAVGFTRAGVMALGYRQETFLDLFQEQFLAPALVDLVETGFQVLVERGFNPKAALLEVYGSGEMGKMMLDGADIGLDEVVALQGSPTCQVGYHRWRGRTLPTAVRELAARVLDQIEGGDFSAYLKEQASNDYASLDDARRAALKRPLNVAHAQVRAAFRFPTEAAGGLYQAAQAPADVEPEAAR,358
7r0o.B.pdb,336,PFPYSIDFVESKQNEQLLKDFHGERTGFVQVGEKRWFFPSRFKQYAESLYSFEARPDDTWIVTYPRSGTTWSQEMVWLLCNELDFETAKSIPLTQRFPFLEFHLFVHDEVKAEFLKENEHDVESMKFIEQLSQPAGFMLAEMKTPRFIKTHLPISLLPPSVFEQKAKIIYVARNPSDVAVSYYHLNRLYRTQGYVGDFETFYNYFEKDLTPWSPYWEHIKEGWAERDRENVLFMYYEDMKRNLPDTIRKTAAFLGKSFSDDQIDTMCTHLDIRNFRHNKSVCEELKAVGILNSGEQGFVRNGQVRGNAEEMTDDIKRRLNEWTERNLNGTDIRFPD,transferase,2.0,2022-02-02,2022-08-10,x-ray diffraction,MGHHHHHHHHHHSSGHIEGRHMPFPYSIDFVESKQNEQLLKDFHGERTGFVQVGEKRWFFPSRFKQYAESLYSFEARPDDTWIVTYPRSGTTWSQEMVWLLCNELDFETAKSIPLTQRFPFLEFHLFVHDEVKAEFLKENEHDVESMKFIEQLSQPAGFMLAEMKTPRFIKTHLPISLLPPSVFEQKAKIIYVARNPSDVAVSYYHLNRLYRTQGYVGDFETFYNYFEKDLTPWSPYWEHIKEGWAERDRENVLFMYYEDMKRNLPDTIRKTAAFLGKSFSDDQIDTMCTHLDIRNFRHNKSVTCEELKAVGILNSGEQGFVRNGQVRGNAEEMTDDIKRRLNEWTERNLNGTDIRFPDC,360
7rpn.A.pdb,252,MRKNIVAGNWKMNKTLQEGIALAKELNEALANEKPNCDVIICTPFIHLASVTPLVDAAKIGVGAENCADKASGAYTGEVSAEMVASTGAKYVILGHSERRAYYGETVAILEEKVKLALANGLTPIFCIGEVLEEREANKQNEVVAAQMESVFSLSAEDFSKIILAYEPVWAIGTGKTASPEQAQEIHAFIRSIVADKYGKEIADNTSILYGGSCKPSNAKELFSNPDVDGGLIGGAALKVSDFKGIIDAFNA,isomerase,1.37,2021-08-03,2022-08-10,x-ray diffraction,MRKNIVAGNWKMNKTLQEGIALAKELNEALANEKPNCDVIICTPFIHLASVTPLVDAAKIGVGAENCADKASGAYTGEVSAEMVASTGAKYVILGHSERRAYYGETVAILEEKVKLALANGLTPIFCIGEVLEEREANKQNEVVAAQMESVFSLSAEDFSKIILAYEPVWAIGTGKTASPEQAQEIHAFIRSIVADKYGKEIADNTSILYGGSCKPSNAKELFSNPDVDGGLIGGAALKVSDFKGIIDAFNA,252
7sbd.H.pdb,209,EVQLVESGGGLVQPKGSLKLSCAASGFTFNTYAMNWVRQAPGKGLEWVARIRTKTNNYVTYYADSVKDRFTISRDDSQSMLYLQMNNLKTEDTAMYYCVRHVGDYWGQGTSVTVSSASIRNPQLYPLKPCKGTASMTLGCLVKDYFPGPVTVTWYSDSLNMSTVNFPALGSELKVTTSQVTSWGKSAKNFTCHVTHPPSFNESRTILVR,allergen/immune system,3.04,2021-09-24,2022-08-10,x-ray diffraction,EVQLVESGGGLVQPKGSLKLSCAASGFTFNTYAMNWVRQAPGKGLEWVARIRTKTNNYVTYYADSVKDRFTISRDDSQSMLYLQMNNLKTEDTAMYYCVRHVGDYWGQGTSVTVSSASIRNPQLYPLKPCKGTASMTLGCLVKDYFPGPVTVTWYSDSLNMSTVNFPALGSELKVTTSQVTSWGKSAKNFTCHVTHPPSFNESRTILVR,209
7uqv.D.pdb,260,GNLVIIGGAEDKKGESKILKKVAEIAGFGDMEFIVLTTATEHPVEVGNEYLNVFQRLGINNIEVLDISTREDANNEENYYKIVNSGGVFMTGGDQLRITSILGGTKVFNALIEAYLKGVVIAGTSAGASVMSNTMIVDGNDPARKCTLKMASGLGLLEEAIIDQHFDQRGRFGRLLCGVAENPHMLGIGIDEDTAIRVYPDAHFEVVGSYAVTIIDGKSIVSSNVSELKPDEILAIANVTVHVLPEGYGFDMKRREVLRL,hydrolase,2.4,2022-04-20,2022-08-10,x-ray diffraction,MEEKSKGNLVIIGGAEDKKGESKILKKVAEIAGFGDMEFIVLTTATEHPVEVGNEYLNVFQRLGINNIEVLDISTREDANNEENYYKIVNSGGVFMTGGDQLRITSILGGTKVFNALIEAYLKGVVIAGTSAGASVMSNTMIVDGNSNDPARKCTLKMASGLGLLEEAIIDQHFDQRGRFGRLLCGVAENPHMLGIGIDEDTAIRVYPDAHFEVVGSYAVTIIDGKSIVSSNVSELKPDEILAIANVTVHVLPEGYGFDMKRREVLRLHENLYFQ,275
7v2s.B.pdb,249,HDCNDVTRIDAIESLTEYGSKLKFKPKAKVIEVGCADGSVSNILFQHLPKDIELLLSCDKNEKAVQFAKEHYKNNKTAYRVLDIEGDLPEDLKGKFDNFISLTFHWVPQQEKAFRNVYDLLAEDGECFLTLKSYSHIYHFVLQSKSRKWGPFKNKNFLSPYYDLSPDQHIAKILKNVGFKNIDVRSKQKYTFKNLEKFRGLIGVNPFKVPENEFENYIDDLETARTLRIIDEENGTLSFLFNNIVHCTK,hormone,2.13,2021-08-09,2022-08-10,x-ray diffraction,MHHHHHHSSGVDLGTENLYFQMNDHLDFYHDCNDVTRIDAIESLTEYGSKLKFKPKAKVIEVGCADGSVSNILFQHLPKDIELLLSCDKNEKAVQFAKEHYKNNKTAYRVLDIEGDLPEDLKGKFDNFISLMTFHWVPQQEKAFRNVYDLLAEDGECFLTLKSYSHIYHMFVLQSKSRKWGPFMKNMKNFLSPYYDLSMPDQHIAKILKNVGFKNIDVRSKQKMYTFKNLEKFRGLMIGVNPFKVPENEFENYIDDLMETARTLRIIDEENGTLSFLFNMNIVHCTK,287
7wua.A.pdb,603,DLHKAMGQFFDAKGNIALPPQITLAGLSELFYQSDVDGGDRHCMRYWDYSTEGGVARDYNRREINTRIKSVAARLQQVAQPGDRVAILANNSPEYLFGFIGALYAGLVPVPLYDPSEPGHADHLTAVMADAQPAIVLTNNASAAAVRRFFSALPGAQRPRIISIDSLPDTLAQSYQIPTPSMAAAAINPVDLPAFLQYTSGSTRTPAGVVLTNRSIVTNVLQIFAAAQLKTPLRLVSWLPLHHDMGIILAVFITLLGLEFEMMSPRDFIQQPKRWIDQLDRREGDNAVYAVVPNFALELAARYATPSEGLDLSAVEGLIIGSEPVTEKAVEAFAETFGPYGLNRQNMRPSYGLAEASLLVTTPQTPQRPVISYFDREQLAANRAVIVDKGDNAVALTGVGQVVRPQNLVIVDPETRTEVADGTIGELWAHGENMAAGYLDRPEDTAETFHNTLAGRLENSRAAGVPEESTKWMATGDLGVIVDGELYITGRLKDLVIIAGRNHYPQDIEYTVDHASEHIRPAAVAAFAIEGDAVEQLIILAERDLDRDPSGDAEAIDAIRAAVTEAHGVVPADIRIVAPDEILRSSSGKIARRVNKKAYQESH,ligase,2.0,2022-02-07,2022-08-10,x-ray diffraction,MDLHKAMGQFFDAKGNIALPPQITLAGLSELFYQSDVDGGDRHCMRYWDYSTEGGVARDYNRREINTRIKSVAARLQQVAQPGDRVAILANNSPEYLFGFIGALYAGLVPVPLYDPSEPGHADHLTAVMADAQPAIVLTNNASAAAVRRFFSALPGAQRPRIISIDSLPDTLAQSYQIPTPSMAAAAINPVDLPAFLQYTSGSTRTPAGVVLTNRSIVTNVLQIFAAAQLKTPLRLVSWLPLHHDMGIILAVFITLLGLEFEMMSPRDFIQQPKRWIDQLDRREGDNAVYAVVPNFALELAARYATPSEGLDLSAVEGLIIGSEPVTEKAVEAFAETFGPYGLNRQNMRPSYGLAEASLLVTTPQTPQRPVISYFDREQLAANRAVIVDKGDNAVALTGVGQVVRPQNLVIVDPETRTEVADGTIGELWAHGENMAAGYLDRPEDTAETFHNTLAGRLENSRAAGVPEESTKWMATGDLGVIVDGELYITGRLKDLVIIAGRNHYPQDIEYTVDHASEHIRPAAVAAFAIEGDAVEQLIILAERDLDRDPSGDAEAIDAIRAAVTEAHGVVPADIRIVAPDEILRSSSGKIARRVNKKAYQESH,604
7x1k.A.pdb,69,MPLHILTHRECEVLQLLTDGKSNRGIGETLFISEKTVKNHVSSILQKMKVNDRTQAVVTAIKHGWVYIR,transcription,2.39,2022-02-24,2022-08-10,x-ray diffraction,GSAKDPKMPLHILTHRECEVLQLLTDGKSNRGIGETLFISEKTVKNHVSSILQKMKVNDRTQAVVTAIKHGWVYIR,76
7y39.B.pdb,133,AKNSETAAKVALMKLKMHADGDKSLPQTERIYFQVFLPKGSKEKSKPMFFCHRWSIGKAIDFAASLARLKNNNKFTAKKLRLCHITSGEALPLDHTLETWIAKEDCPLYNGGNIILEYLNDEEQFCKNVESYL,protein binding,1.88,2022-06-10,2022-08-10,x-ray diffraction,GGSGAKNSETAAKVALMKLKMHADGDKSLPQTERIYFQVFLPKGSKEKSKPMFFCHRWSIGKAIDFAASLARLKNDNNKFTAKKLRLCHITSGEALPLDHTLETWIAKEDCPLYNGGNIILEYLNDEEQFCKNVESYLE,139
7zva.A.pdb,335,ARLANKPKGTIKTIKGDDGEVVDCVDIYKQPAFDHPLLKNHTLQMQPSNKLEQPWHKNGECPKGSIPIRRQVITGLPVVKKQFPTNHQYAVIAYFYGNASLQGANATINIWEPNLKNPNGDFSLTQIWISAGSGSSLNTIEAGWQVYPGRTGDSQPRFFIYWTADGYTSTGCYDLTCPGFVQTNNYYAIGMALQPSVYGGQQYELNESIQRDPATGNWWLYLWGTVVGYWPASIYNSITNGADTVEWGGEIYDSSGTGGFHTTTQMGSGHFPTEGYGKASYVRDLQCVDTYGNVISPTANSFQGIAPAPNCYNYQFQQGSSELYLFYGGPGCQAI,hydrolase,1.8,2022-05-14,2022-08-10,x-ray diffraction,METDTLLLWVLLLWVPGSTGDLMVRSIQARLANKPKGTIKTIKGDDGEVVDCVDIYKQPAFDHPLLKNHTLQMQPSSYASKVGEYNKLEQPWHKNGECPKGSIPIRRQVITGLPVVKKQFPNLKFAPPSANTNHQYAVIAYFYGNASLQGANATINIWEPNLKNPNGDFSLTQIWISAGSGSSLNTIEAGWQVYPGRTGDSQPRFFIYWTADGYTSTGCYDLTCPGFVQTNNYYAIGMALQPSVYGGQQYELNESIQRDPATGNWWLYLWGTVVGYWPASIYNSITNGADTVEWGGEIYDSSGTGGFHTTTQMGSGHFPTEGYGKASYVRDLQCVDTYGNVISPTANSFQGIAPAPNCYNYQFQQGSSELYLFYGGPGCQAIAHHHHHH,389
8a4a.A.pdb,207,KEVPVVCEVVSEAIVHAAQKLKEYLGFEYPPSKLCPAANTLNEIFLIHFITFCQEKGVDEWLTTTKMTKHQAFLFGADWIWTFWGSDKQIKLQLAVQTLQMSPESRVEESSWKKSRFDKLEEFCNLIGEDCLGLFIIFGMPGKPKDIRGVVLDSVKSQMVRSHLPGGKAVAQFVLETEDCVFIKELLRNCLSKKDGLREVGKVYISI,endocytosis,2.52,2022-06-10,2022-08-10,x-ray diffraction,GHMGQKASQQLALKDSKEVPVVCEVVSEAIVHAAQKLKEYLGFEYPPSKLCPAANTLNEIFLIHFITFCQEKGVDEWLTTTKMTKHQAFLFGADWIWTFWGSDKQIKLQLAVQTLQMSSPPPVESKPCDLSNPESRVEESSWKKSRFDKLEEFCNLIGEDCLGLFIIFGMPGKPKDIRGVVLDSVKSQMVRSHLPGGKAVAQFVLETEDCVFIKELLRNCLSKKDGLREVGKVYISIL,238
8dt0.A.pdb,140,EEEELEELAKELEKILRDEEGHLRKLKEALAEGLGDAEEAAELFRAESIDEMKHAEELAKLLKKGGLDPELRELLEELAELELVAINQYREAAEAAAEAAENGSEEARAAAREALEEALALELDGAKLARAALEAVEKLL,de novo protein,2.46,2022-07-24,2022-08-10,x-ray diffraction,EEEELEELAKELEKILRDEEGHLRKLKEALAEGLGDAEEAAELFRAESIDEMKHAEELAKLLKKGGLDPELRELLEELAELELVAINQYREAAEAAAEAAENGSEEARAAAREALEEALALELDGAKLARAALEAVEKLL,140
8dt6.C.pdb,381,MKFIVASGELQKALQTVSGVISGSQSRPILENFLFELENDNLKITASDGETTLITSIPVKSENNGRMAVPAKMFLDVIKSFGDQPLTFVEKESENGIGSLLEILDEKDNYFVALDNAEDYPELPEFDASKSVKIQAGILSEALVNTLFATSNDSLRPVMTGVLFQFNENEANFVSTDSHRLVVYNRKDVMNVDNIEFIMPKKPLAIIKNILSNTDDEVLIEFNENMAKFSFQDNIWICRLIDGKYPNYTAVIPKENPNVLTINRNLLLSSIRRASIFSNKSTNQVRFKLSGNLLHLHAEDTEYANKADMQIPCEYNGEDINIGFSSKFLTEMLSVLGSDDITMKMSQPNRPGIIEPVDGLEENESILMLSMPVIGLAGHHH,dna binding protein,2.35,2022-07-25,2022-08-10,x-ray diffraction,MKFIVASGELQKALQTVSGVISGSQSRPILENFLFELENDNLKITASDGETTLITSIPVKSENNGRMAVPAKMFLDVIKSFGDQPLTFVEKESENGIGSLLEILDEKDNYFVALDNAEDYPELPEFDASKSVKIQAGILSEALVNTLFATSNDSLRPVMTGVLFQFNENEANFVSTDSHRLVVYNRKDVMNVDNIEFIMPKKPLAIIKNILSNTDDEVLIEFNENMAKFSFQDNIWICRLIDGKYPNYTAVIPKENPNVLTINRNLLLSSIRRASIFSNKSTNQVRFKLSGNLLHLHAEDTEYANKADMQIPCEYNGEDINIGFSSKFLTEMLSVLGSDDITMKMSQPNRPGIIEPVDGLEENESILMLSMPVIGLAGHHHHHH,384
8dte.A.pdb,172,SPADAVGQIRQNATQVLTILKSGDAASARPKAEAYAVPYFDFQRMTALAVGNPWRTASDAQKQALAKEFQTLLIRTYSGTMLKFKNATVNVKDNPIVNKGGKEIVVRAEVGIPGQKPVNMDFTTYQSGGKYRTYNVAIEGTSLVTVYRNQFGEIIKAKGIDGLIAELKAKNG,transport protein,2.2,2022-07-25,2022-08-10,x-ray diffraction,MAHHHHHHMSPADAVGQIRQNATQVLTILKSGDAASARPKAEAYAVPYFDFQRMTALAVGNPWRTASDAQKQALAKEFQTLLIRTYSGTMLKFKNATVNVKDNPIVNKGGKEIVVRAEVGIPGQKPVNMDFTTYQSGGKYRTYNVAIEGTSLVTVYRNQFGEIIKAKGIDGLIAELKAKNGGK,183
7dz2.C.pdb,284,MQGFGVHTSMWTMNWDRPGAERAVAAALKYEVDFIEIPMLNPPAVDTEHTRALLEKNELRALCSLGLPERAWASVRPDAAIEHLKVAIDKTADLGGEALSGVIYGGIGERTGVPPTEAEYDNIARVLSAAAKHAKSRGIELGVEAVNRYENHLINTGWQAVQMIERVGADNIFVHLDTYHMNIEEKGVGNGILDAREHLKYIHLSESDRGTPGYGTCGWDEIFSTLAAIGFKGGLAMESFINMPPEVAYGLAVWRPVAKDEEEVMGNGLPFLRNKAKQYGLIGN,isomerase,1.55,2021-01-23,2022-08-03,x-ray diffraction,MTMQGFGVHTSMWTMNWDRPGAERAVAAALKYEVDFIEIPMLNPPAVDTEHTRALLEKNELRALCSLGLPERAWASVRPDAAIEHLKVAIDKTADLGGEALSGVIYGGIGERTGVPPTEAEYDNIARVLSAAAKHAKSRGIELGVEAVNRYENHLINTGWQAVQMIERVGADNIFVHLDTYHMNIEEKGVGNGILDAREHLKYIHLSESDRGTPGYGTCGWDEIFSTLAAIGFKGGLAMESFINMPPEVAYGLAVWRPVAKDEEEVMGNGLPFLRNKAKQYGLIGN,286
7fgb.A.pdb,387,PKYRMSRPTCRGQKWTVMSNVWTSRWVATGTNARNIRPPTAIFLKKGLRAVSLAHNTAGPNPLSGTGSDRSEFRDLITWSPSGYPGDESTETICKAWSFFACFDGKEDLIGCISGPDNNAVLTIMYGGKPTDLYNSYALDILRTMESQCVCNNGTCSAMITDGPDIGPSKARMLFIKEGKIEKVVIVDGPGSSMVEECSCINEDSNEFGCLCRDNTANSRRPFLKCFWDSRTCKADYTCSQTLLDCPRPNDSIQTCGTSFGSLAGGLKGAYIPLGKGRICATRTVDKIQRKGMELMCTNGNILLEQDAMKKIGDLVTPTAQTGYSSATTIPRATEECDTICVATELVFSGAKGTNADLVIHCLLGEARETESVVTAVVDRTTYSSLL,viral protein,2.0,2021-07-26,2022-08-03,x-ray diffraction,MLLVNQSHQGFNKEHTSKMVSAIVLYVLLAAAAHSAFAADPHHHHHHSSSDYSDLQRVKQELLEEVKKELQKVKEEIIEAFVQELRKRGSLVPRGSPSRSEFPKYRMSRPTCRGQKWTVMSNVWTSRWVATGTNARNIRPPTAIFLKKGLRAVSLAHNTAGPNPLSGTGSDRSEFRDLITWSPSGYPGDESTETICKAWSFFACFDGKEDLIGCISGPDNNAVLTIMYGGKPTDLYNSYALDILRTMESQCVCNNGTCSAMITDGPDIGPSKARMLFIKEGKIEKVVIVDGPGSSMVEECSCINEDSNEFGCLCRDNTANSRRPFLKCFWDSRTCKADYTCSQTLLDCPRPNDSIQTCGTSFGSLAGGLKGAYIPLGKGRICATRTVDKIQRKGMELMCTNGNILLEQDAMKKIGDLVTPTAQTGYSSATTIPRATEECDTICVATELVFSGAKGTNADLVIHCLLGEARETESVVTAVVDRTTYSSLL,489
7fh0.B.pdb,246,QVQLVESGGGLVQAGGSLRLSCAASGRTYTMGWFRQAPGKEREFVAAMRWSDTDYADSLKGRFTISRDNANNAMYLQMNSLGPEDTAVYYCAAGEAWLARSTHHYDYWGQGTQVTVSSQLQLVESGGGLVQAGGSLRLSCAASERTFSGGVMGWFRQRPGKEREFVAAIRWNGASTFYADSVKGRFTCSRDNAKNTGYLQMNSLTPEDTAVYYCARAVRTYASSDYYFQERTYDYWGQGTQVTVSS,antiviral protein,3.2,2021-07-28,2022-08-03,x-ray diffraction,QVQLVESGGGLVQAGGSLRLSCAASGRTYTMGWFRQAPGKEREFVAAMRWSDTDYADSLKGRFTISRDNANNAMYLQMNSLGPEDTAVYYCAAGEAWLARSTHHYDYWGQGTQVTVSSGGGGSGGGGSGGGGSQLQLVESGGGLVQAGGSLRLSCAASERTFSGGVMGWFRQRPGKEREFVAAIRWNGASTFYADSVKGRFTCSRDNAKNTGYLQMNSLTPEDTAVYYCARAVRTYASSDYYFQERTYDYWGQGTQVTVSS,261
7lt7.A.pdb,35,FNPVGVAFKGNNGKYLSRIHRSGIDYTEFAKDNTD,unknown function,,2021-02-19,2022-08-03,solution nmr,FNPVGVAFKGNNGKYLSRIHRSGIDYTEFAKDNTD,35
7lx4.A.pdb,40,SEFCGHDVGECVPPKLVCRPPTHECLHFPCPGYLKCCCYP,unknown function,,2021-03-03,2022-08-03,solution nmr,QSEFCGHDVGECVPPKLVCRPPTHECLHFPCPGYLKCCCYP,41
7mj3.A.pdb,43,PRSHVDCPALHGQCQSLPCTYPLVFVGPDPFHCGPYPQFGCCA,unknown function,,2021-04-19,2022-08-03,solution nmr,QPRSHVDCPALHGQCQSLPCTYPLVFVGPDPFHCGPYPQFGCCA,44
7r49.B.pdb,121,MVIYGTGIDLTELSRIEAILAKGLRLPEKILTPAELAVFSRYPVKRQIEFMAGRFSAKEAYSKAYGTGIGAAVGFQDIEILDNAQGKPEVTRHPFDGPAWISISHTDTLVMTQVILERGNL,cytosolic protein,1.88,2022-02-08,2022-08-03,x-ray diffraction,MVIYGTGIDLTELSRIEAILAKGLRLPEKILTPAELAVFSRYPVKRQIEFMAGRFSAKEAYSKAYGTGIGAAVGFQDIEILDNAQGKPEVTRHPFDGPAWISISHTDTLVMTQVILERGNL,121
7rlk.D.pdb,117,CPLMVKVLDAVRGRPAVNVDVKVFKKTEEQTWELFAAGKTNDNGEIHELTTDDKFGEGLYKVEFDTISYWKALGVSPFHEYADVVFTANDAGHRHYTIAALLSPYSFSTTAIVSNPT,transport protein,2.69,2021-07-25,2022-08-03,x-ray diffraction,CPLMVKVLDAVRGRPAVNVDVKVFKKTEEQTWELFAAGKTNDNGEIHELTTDDKFGEGLYKVEFDTISYWKALGVSPFHEYADVVFTANDAGHRHYTIAALLSPYSFSTTAIVSNPT,117
7rmy.A.pdb,266,SEELKKVQKMVSQILATAEAVLKLAKVLGDPKAVELAERILEDAKELAKRAESGDEETLRRAQTLLKVLKMVLEILLLAIKVELAAKELGDPKAVEAAQRILKQALRLLAEIKSGDEETLKRAQELLKVLKMVLRIIYLAIEVEKAAKELGDPTAVEAAQRILELALRLLQKVESGDEDTLRKALELLEVLYMVLRIIRLAIEVEKLAKKAGDPSAVEEAQRILKQALRLLKEISSGDEQTLDEAAKTLSFLAAELEAIAFAIRVK,de novo protein,3.17,2021-07-28,2022-08-03,x-ray diffraction,SGSGSSEELKKVQKMVSQILATAEAVLKLAKVLGDPKAVELAERILEDAKELAKRAESGDEETLRRAQTLLKVLKMVLEILLLAIKVELAAKELGDPKAVEAAQRILKQALRLLAEIKSGDEETLKRAQELLKVLKMVLRIIYLAIEVEKAAKELGDPTAVEAAQRILELALRLLQKVESGDEDTLRKALELLEVLYMVLRIIRLAIEVEKLAKKAGDPSAVEEAQRILKQALRLLKEISSGDEQTLDEAAKTLSFLAAELEAIAFAIRVKW,272
7s03.A.pdb,103,KLDKKQIRAIFLFEFKGRKAAETTRNNNAFGPGTANERTVQWWFKKFRKGDESLEDEERSGRPSEVDNDQLRAIIEADPLTTTREVAEENVNHSTVVRHLKQI,dna binding protein/dna,2.37,2021-08-28,2022-08-03,x-ray diffraction,SMKMMLDKKQIRAIFLFEFKMGRKAAETTRNMNNAFGPGTANERTVQWWFKKFRKGDESLEDEERSGRPSEVDNDQLRAIIEADPLTTTREVAEEMNVNHSTVVRHLKQIGKV,113
7sao.A.pdb,38,GSSCTPGTTFRNRCNTCRCGSNGRSASCTLMACPPGSY,toxin,1.77,2021-09-23,2022-08-03,x-ray diffraction,GSSCTPGTTFRNRCNTCRCGSNGRSASCTLMACPPGSY,38
7snc.A.pdb,38,GSSCTPGATFRNRCNTCRCGSNGRSASCTLMACPPGSY,toxin,2.5,2021-10-27,2022-08-03,x-ray diffraction,GSSCTPGATFRNRCNTCRCGSNGRSASCTLMACPPGSY,38
7soo.A.pdb,89,SQELLKDYIKRQIEYYFSVDNLERDFFLRRKMDADGFLPITLIASFHRVQALTTDISLIFAALKDSKVVEIVDEKVRRREEPEKWPLPP,rna binding protein,1.65,2021-11-01,2022-08-03,x-ray diffraction,MGSSHHHHHHSQELLKDYIKRQIEYYFSVDNLERDFFLRRKMDADGFLPITLIASFHRVQALTTDISLIFAALKDSKVVEIVDEKVRRREEPEKWPLPP,99
7u0e.H.pdb,224,EVQLVQSGPEVKKPGTSARVSCKASGFTSKNTALQWVRQARGQPLEWMGWIDISNYITNYAQKFRGRLTITWDLSASMAYMELSSLRSEDTAVYYCAAVGKDDDVLTGGNKYFDHWGQGTLVTVSSASTKGPSVFPLAPSSGTAALGCLVKDYFPEPVTVSWNSGALTSGVHTFPAVLQSSGLYSLSSVVTVPSSSLGTQTYICNVNHKPSNTKVDKRVEPKSC,viral protein/immune system,2.1,2022-02-18,2022-08-03,x-ray diffraction,EVQLVQSGPEVKKPGTSARVSCKASGFTSKNTALQWVRQARGQPLEWMGWIDISNYITNYAQKFRGRLTITWDLSASMAYMELSSLRSEDTAVYYCAAVGKDDDVLTGGNKYFDHWGQGTLVTVSSASTKGPSVFPLAPSSKSTSGGTAALGCLVKDYFPEPVTVSWNSGALTSGVHTFPAVLQSSGLYSLSSVVTVPSSSLGTQTYICNVNHKPSNTKVDKRVEPKSC,229
8ahp.A.pdb,358,NEKDIEASIVSGNGTETGQIITTAQPKQTISYMAERVVGTGSFGVVFQAKCLETGEAVAIKKVLQDKRYKNRELQVMRTVDHPNIVKLKHCFFSTTDKDELYLNLVLEFVPETVYKVSKQYIRVHQHMPIIYVQLYIYQICRALNYLHQVIGVCHRDIKPQNLLVNPQTHQLKICDFGSAKMLVPGEPNISYICSRYYRAPELIFGATEYTTAIDMWSVGCVLAELLLGHPLFPGESGVDQLVEIIKVLGTPTREEIRCMNPHYNEFKFPQIKAHPWHKVFYKRMPPEAVDLVSRLLQYSPNLRCTALAACAHPFFNDLRDPNASLPNGQPLPPLFNFTPEELAHAPDELRLRLIPEH,transferase,2.9,2022-07-22,2022-08-03,x-ray diffraction,MKIKDEKSKNNNEKDIEASIVSGNGTETGQIITTAIGGRDGQPKQTISYMAERVVGTGSFGVVFQAKCLETGEAVAIKKVLQDKRYKNRELQVMRTVDHPNIVKLKHCFFSTTDKDELYLNLVLEFVPETVYKVSKQYIRVHQHMPIIYVQLYIYQICRALNYLHQVIGVCHRDIKPQNLLVNPQTHQLKICDFGSAKMLVPGEPNISYICSRYYRAPELIFGATEYTTAIDMWSVGCVLAELLLGHPLFPGESGVDQLVEIIKVLGTPTREEIRCMNPHYNEFKFPQIKAHPWHKVFYKRMPPEAVDLVSRLLQYSPNLRCTALAACAHPFFNDLRDPNASLPNGQPLPPLFNFTPEELAHAPDELRLRLIPEHARS,378
